family,analysis,target_dimension,source_dimension,conditioning_dimension,source_labels,estimator,selected_common_jitter,raw_estimate_bits,bootstrap_mean_bits,bootstrap_se_bits,ci_method,ci_lower_bits,ci_upper_bits,randomized_source_mean_bits,information_beyond_randomized_mean_bits,randomized_source_p_value,null_min_bits_raw_signed,null_max_bits_raw_signed,null_negative_proportion,n_null,biological_interpretation,source_level,target_level,target_t_l,target_u,target_full_length_T_l,target_time_is_in_selected_segment,source_profile,source_levels,n_bootstrap,n_randomized,time_index_j,u_l_j
epigenetic_to_development_t_0,epigenetic_to_development_t_0,5,10,262,epigenetic,generation-conditioned coherent Gaussian-copula CMI from one joint covariance,0.0,0.092333740623814,0.0927026423715564,0.0016407404320263,"lineage-cluster bootstrap, centered standard-error interval",0.0891179484690637,0.0955495327785643,0.0003904249709715,0.0919433156528425,0.0019960079840319,0.0002088700192777,0.0006579983375733,0.0,500.0,level- and time-specific transfer entropy from the epigenetic segment to development full-series time 0,epigenetic,development,0,0.0,57.0,False,epigenetic_factor,epigenetic,,,0,0.0
epigenetic_to_development_t_1,epigenetic_to_development_t_1,5,10,262,epigenetic,generation-conditioned coherent Gaussian-copula CMI from one joint covariance,0.0,0.0926326374602617,0.0930114350031739,0.0016756137679869,"lineage-cluster bootstrap, centered standard-error interval",0.0893484948230079,0.0959167800975155,0.0003925920619762,0.0922400453982855,0.0019960079840319,0.0001942760379471,0.0006181124556252,0.0,500.0,level- and time-specific transfer entropy from the epigenetic segment to development full-series time 1,epigenetic,development,1,0.0178571428571428,57.0,False,epigenetic_factor,epigenetic,,,1,0.0178571428571428
epigenetic_to_development_t_2,epigenetic_to_development_t_2,5,10,262,epigenetic,generation-conditioned coherent Gaussian-copula CMI from one joint covariance,0.0,0.0933513922301633,0.0938298261208715,0.0017898523838045,"lineage-cluster bootstrap, centered standard-error interval",0.0898433460202633,0.0968594384400634,0.000397563325534,0.0929538289046293,0.0019960079840319,0.0002002834488999,0.0006700985172358,0.0,500.0,level- and time-specific transfer entropy from the epigenetic segment to development full-series time 2,epigenetic,development,2,0.0357142857142857,57.0,False,epigenetic_factor,epigenetic,,,2,0.0357142857142857
epigenetic_to_development_t_3,epigenetic_to_development_t_3,5,10,262,epigenetic,generation-conditioned coherent Gaussian-copula CMI from one joint covariance,0.0,0.093704871298172,0.0940961444058126,0.0017047763901789,"lineage-cluster bootstrap, centered standard-error interval",0.0903635709717271,0.097046171624617,0.0003895406318365,0.0933153306663355,0.0019960079840319,0.0001721588435285,0.0006827981073811,0.0,500.0,level- and time-specific transfer entropy from the epigenetic segment to development full-series time 3,epigenetic,development,3,0.0535714285714285,57.0,False,epigenetic_factor,epigenetic,,,3,0.0535714285714285
epigenetic_to_development_t_4,epigenetic_to_development_t_4,5,10,262,epigenetic,generation-conditioned coherent Gaussian-copula CMI from one joint covariance,0.0,0.0942810860739267,0.094720011724837,0.0016895195406924,"lineage-cluster bootstrap, centered standard-error interval",0.0909696886229927,0.0975924835248606,0.0003951295852975,0.0938859564886291,0.0019960079840319,0.0001969838577953,0.0006680520748425,0.0,500.0,level- and time-specific transfer entropy from the epigenetic segment to development full-series time 4,epigenetic,development,4,0.0714285714285714,57.0,False,epigenetic_factor,epigenetic,,,4,0.0714285714285714
epigenetic_to_development_t_5,epigenetic_to_development_t_5,5,10,262,epigenetic,generation-conditioned coherent Gaussian-copula CMI from one joint covariance,0.0,0.0948211628242083,0.0952945631875877,0.0016453410172517,"lineage-cluster bootstrap, centered standard-error interval",0.0915963536881084,0.0980459719603082,0.0003933264258394,0.0944278363983688,0.0019960079840319,0.0001935618161227,0.0006548311337173,0.0,500.0,level- and time-specific transfer entropy from the epigenetic segment to development full-series time 5,epigenetic,development,5,0.0892857142857142,57.0,False,epigenetic_factor,epigenetic,,,5,0.0892857142857142
epigenetic_to_development_t_6,epigenetic_to_development_t_6,5,10,262,epigenetic,generation-conditioned coherent Gaussian-copula CMI from one joint covariance,0.0,0.0952313382210551,0.0956134217684374,0.0016853344415289,"lineage-cluster bootstrap, centered standard-error interval",0.0919281434137534,0.0985345330283568,0.0003893468077395,0.0948419914133155,0.0019960079840319,0.0001634017884194,0.0007228019567711,0.0,500.0,level- and time-specific transfer entropy from the epigenetic segment to development full-series time 6,epigenetic,development,6,0.1071428571428571,57.0,True,epigenetic_factor,epigenetic,,,6,0.1071428571428571
epigenetic_to_development_t_7,epigenetic_to_development_t_7,5,10,262,epigenetic,generation-conditioned coherent Gaussian-copula CMI from one joint covariance,0.0,0.0954220105526425,0.0958235080591656,0.0016375580559539,"lineage-cluster bootstrap, centered standard-error interval",0.0922124557403793,0.0986315653649057,0.0003913469134821,0.0950306636391604,0.0019960079840319,0.0001984676805107,0.0006951298760077,0.0,500.0,level- and time-specific transfer entropy from the epigenetic segment to development full-series time 7,epigenetic,development,7,0.125,57.0,True,epigenetic_factor,epigenetic,,,7,0.125
epigenetic_to_development_t_8,epigenetic_to_development_t_8,5,10,262,epigenetic,generation-conditioned coherent Gaussian-copula CMI from one joint covariance,0.0,0.0960637936875552,0.0964349699514724,0.0016933578300094,"lineage-cluster bootstrap, centered standard-error interval",0.0927448733277979,0.0993827140473126,0.0003910746592377,0.0956727190283175,0.0019960079840319,0.0002263872961111,0.0006777945033444,0.0,500.0,level- and time-specific transfer entropy from the epigenetic segment to development full-series time 8,epigenetic,development,8,0.1428571428571428,57.0,True,epigenetic_factor,epigenetic,,,8,0.1428571428571428
epigenetic_to_development_t_9,epigenetic_to_development_t_9,5,10,262,epigenetic,generation-conditioned coherent Gaussian-copula CMI from one joint covariance,0.0,0.0962820782850343,0.0967054683102346,0.0016543599711269,"lineage-cluster bootstrap, centered standard-error interval",0.0930395923241608,0.0995245642459078,0.0003914159220547,0.0958906623629795,0.0019960079840319,0.0001958191958069,0.0006539260055817,0.0,500.0,level- and time-specific transfer entropy from the epigenetic segment to development full-series time 9,epigenetic,development,9,0.1607142857142857,57.0,True,epigenetic_factor,epigenetic,,,9,0.1607142857142857
epigenetic_to_development_t_10,epigenetic_to_development_t_10,5,10,262,epigenetic,generation-conditioned coherent Gaussian-copula CMI from one joint covariance,0.0,0.096373013056395,0.0967844247481752,0.001668581166225,"lineage-cluster bootstrap, centered standard-error interval",0.0931026540653121,0.0996433720474778,0.0003926132096981,0.0959803998466968,0.0019960079840319,0.0001774404061792,0.0006465406318768,0.0,500.0,level- and time-specific transfer entropy from the epigenetic segment to development full-series time 10,epigenetic,development,10,0.1785714285714285,57.0,True,epigenetic_factor,epigenetic,,,10,0.1785714285714285
epigenetic_to_development_t_11,epigenetic_to_development_t_11,5,10,262,epigenetic,generation-conditioned coherent Gaussian-copula CMI from one joint covariance,0.0,0.0966332217852189,0.0969699671009837,0.0017782964357756,"lineage-cluster bootstrap, centered standard-error interval",0.0931478248172627,0.1001186187531752,0.0003918162722348,0.0962414055129841,0.0019960079840319,0.0002233097932356,0.0006500507545546,0.0,500.0,level- and time-specific transfer entropy from the epigenetic segment to development full-series time 11,epigenetic,development,11,0.1964285714285714,57.0,True,epigenetic_factor,epigenetic,,,11,0.1964285714285714
epigenetic_to_development_t_12,epigenetic_to_development_t_12,5,10,262,epigenetic,generation-conditioned coherent Gaussian-copula CMI from one joint covariance,0.0,0.0971848708499026,0.0976543243181496,0.0016824309801519,"lineage-cluster bootstrap, centered standard-error interval",0.0938873667223302,0.1004823749774749,0.0003900624856053,0.0967948083642972,0.0019960079840319,0.0002047914273166,0.0006370730550496,0.0,500.0,level- and time-specific transfer entropy from the epigenetic segment to development full-series time 12,epigenetic,development,12,0.2142857142857142,57.0,True,epigenetic_factor,epigenetic,,,12,0.2142857142857142
epigenetic_to_development_t_13,epigenetic_to_development_t_13,5,10,262,epigenetic,generation-conditioned coherent Gaussian-copula CMI from one joint covariance,0.0,0.0974447853018527,0.0978300228401256,0.0017268912940817,"lineage-cluster bootstrap, centered standard-error interval",0.0940601405602368,0.1008294300434687,0.0003913403447895,0.0970534449570632,0.0019960079840319,0.0001876224077076,0.0006539129945959,0.0,500.0,level- and time-specific transfer entropy from the epigenetic segment to development full-series time 13,epigenetic,development,13,0.2321428571428571,57.0,True,epigenetic_factor,epigenetic,,,13,0.2321428571428571
epigenetic_to_development_t_14,epigenetic_to_development_t_14,5,10,262,epigenetic,generation-conditioned coherent Gaussian-copula CMI from one joint covariance,0.0,0.0978548479279843,0.0982667313858937,0.0017675779469353,"lineage-cluster bootstrap, centered standard-error interval",0.0943904588121238,0.1013192370438448,0.0003899228287425,0.0974649250992417,0.0019960079840319,0.0001877332538068,0.0006505239774494,0.0,500.0,level- and time-specific transfer entropy from the epigenetic segment to development full-series time 14,epigenetic,development,14,0.25,57.0,False,epigenetic_factor,epigenetic,,,14,0.25
epigenetic_to_development_t_15,epigenetic_to_development_t_15,5,10,262,epigenetic,generation-conditioned coherent Gaussian-copula CMI from one joint covariance,0.0,0.0983181739197113,0.0986994598035868,0.0017840675132051,"lineage-cluster bootstrap, centered standard-error interval",0.0948214658478413,0.1018148819915812,0.0003918696402097,0.0979263042795015,0.0019960079840319,0.0001886707004846,0.0006477605890276,0.0,500.0,level- and time-specific transfer entropy from the epigenetic segment to development full-series time 15,epigenetic,development,15,0.2678571428571428,57.0,False,epigenetic_factor,epigenetic,,,15,0.2678571428571428
epigenetic_to_development_t_16,epigenetic_to_development_t_16,5,10,262,epigenetic,generation-conditioned coherent Gaussian-copula CMI from one joint covariance,0.0,0.0990893544946646,0.0995273833620336,0.0016862773453816,"lineage-cluster bootstrap, centered standard-error interval",0.0957843116297707,0.1023943973595584,0.0003912155767692,0.0986981389178953,0.0019960079840319,0.0002171833983988,0.0006549406253591,0.0,500.0,level- and time-specific transfer entropy from the epigenetic segment to development full-series time 16,epigenetic,development,16,0.2857142857142857,57.0,False,epigenetic_factor,epigenetic,,,16,0.2857142857142857
epigenetic_to_development_t_17,epigenetic_to_development_t_17,5,10,262,epigenetic,generation-conditioned coherent Gaussian-copula CMI from one joint covariance,0.0,0.099215948703884,0.0997060581183456,0.0017483108545235,"lineage-cluster bootstrap, centered standard-error interval",0.0957893223952373,0.1026425750125307,0.0003908592112597,0.0988250894926243,0.0019960079840319,0.0001747244450301,0.000634536910536,0.0,500.0,level- and time-specific transfer entropy from the epigenetic segment to development full-series time 17,epigenetic,development,17,0.3035714285714285,57.0,False,epigenetic_factor,epigenetic,,,17,0.3035714285714285
epigenetic_to_development_t_18,epigenetic_to_development_t_18,5,10,262,epigenetic,generation-conditioned coherent Gaussian-copula CMI from one joint covariance,0.0,0.0993911345524465,0.099775445651224,0.0016837594212559,"lineage-cluster bootstrap, centered standard-error interval",0.0960910267281549,0.1026912423767381,0.0003982236430221,0.0989929109094244,0.0019960079840319,0.0002126901434454,0.0007217879728585,0.0,500.0,level- and time-specific transfer entropy from the epigenetic segment to development full-series time 18,epigenetic,development,18,0.3214285714285714,57.0,False,epigenetic_factor,epigenetic,,,18,0.3214285714285714
epigenetic_to_development_t_19,epigenetic_to_development_t_19,5,10,262,epigenetic,generation-conditioned coherent Gaussian-copula CMI from one joint covariance,0.0,0.0997273309607979,0.100209408374753,0.0017334484466091,"lineage-cluster bootstrap, centered standard-error interval",0.096329834436387,0.1031248274852087,0.000392316995135,0.0993350139656628,0.0019960079840319,0.0001919282812723,0.0006760778873047,0.0,500.0,level- and time-specific transfer entropy from the epigenetic segment to development full-series time 19,epigenetic,development,19,0.3392857142857142,57.0,False,epigenetic_factor,epigenetic,,,19,0.3392857142857142
epigenetic_to_development_t_20,epigenetic_to_development_t_20,5,10,262,epigenetic,generation-conditioned coherent Gaussian-copula CMI from one joint covariance,0.0,0.1000146491795176,0.1005130483039494,0.0016902140759907,"lineage-cluster bootstrap, centered standard-error interval",0.0967018904644131,0.1033274078946222,0.0003910684224654,0.0996235807570521,0.0019960079840319,0.0001665455940613,0.0006724782945828,0.0,500.0,level- and time-specific transfer entropy from the epigenetic segment to development full-series time 20,epigenetic,development,20,0.3571428571428571,57.0,False,epigenetic_factor,epigenetic,,,20,0.3571428571428571
epigenetic_to_development_t_21,epigenetic_to_development_t_21,5,10,262,epigenetic,generation-conditioned coherent Gaussian-copula CMI from one joint covariance,0.0,0.1004009818442275,0.1007977112255342,0.0016717956364653,"lineage-cluster bootstrap, centered standard-error interval",0.0971243226072443,0.1036776410812108,0.0003870067373649,0.1000139751068626,0.0019960079840319,0.0001938034907369,0.0007908759830686,0.0,500.0,level- and time-specific transfer entropy from the epigenetic segment to development full-series time 21,epigenetic,development,21,0.375,57.0,False,epigenetic_factor,epigenetic,,,21,0.375
epigenetic_to_development_t_22,epigenetic_to_development_t_22,5,10,262,epigenetic,generation-conditioned coherent Gaussian-copula CMI from one joint covariance,0.0,0.1011006443996433,0.1014987119079985,0.0017940648309302,"lineage-cluster bootstrap, centered standard-error interval",0.09758434194509,0.1046169468541967,0.0003957304611647,0.1007049139384786,0.0019960079840319,0.0001967892521134,0.0006415171889712,0.0,500.0,level- and time-specific transfer entropy from the epigenetic segment to development full-series time 22,epigenetic,development,22,0.3928571428571428,57.0,False,epigenetic_factor,epigenetic,,,22,0.3928571428571428
epigenetic_to_development_t_23,epigenetic_to_development_t_23,5,10,262,epigenetic,generation-conditioned coherent Gaussian-copula CMI from one joint covariance,0.0,0.1010520601329274,0.1014052628984024,0.0017321337098115,"lineage-cluster bootstrap, centered standard-error interval",0.0976571404452891,0.1044469798205658,0.0003920585615618,0.1006600015713656,0.0019960079840319,0.0002013991817442,0.0007120981609982,0.0,500.0,level- and time-specific transfer entropy from the epigenetic segment to development full-series time 23,epigenetic,development,23,0.4107142857142857,57.0,False,epigenetic_factor,epigenetic,,,23,0.4107142857142857
epigenetic_to_development_t_24,epigenetic_to_development_t_24,5,10,262,epigenetic,generation-conditioned coherent Gaussian-copula CMI from one joint covariance,0.0,0.1012130415028992,0.1014844380033994,0.0016840852022284,"lineage-cluster bootstrap, centered standard-error interval",0.0979122951596345,0.1045137878461638,0.0003939178526928,0.1008191236502063,0.0019960079840319,0.000189857562252,0.0006630179158114,0.0,500.0,level- and time-specific transfer entropy from the epigenetic segment to development full-series time 24,epigenetic,development,24,0.4285714285714285,57.0,False,epigenetic_factor,epigenetic,,,24,0.4285714285714285
epigenetic_to_development_t_25,epigenetic_to_development_t_25,5,10,262,epigenetic,generation-conditioned coherent Gaussian-copula CMI from one joint covariance,0.0,0.1010467194763528,0.1014373778001916,0.0016965940477754,"lineage-cluster bootstrap, centered standard-error interval",0.097721456246328,0.1043719827063776,0.0003963414197288,0.100650378056624,0.0019960079840319,0.0001927289434118,0.0006955435594896,0.0,500.0,level- and time-specific transfer entropy from the epigenetic segment to development full-series time 25,epigenetic,development,25,0.4464285714285714,57.0,False,epigenetic_factor,epigenetic,,,25,0.4464285714285714
epigenetic_to_development_t_26,epigenetic_to_development_t_26,5,10,262,epigenetic,generation-conditioned coherent Gaussian-copula CMI from one joint covariance,0.0,0.1008449724073416,0.1012852900240207,0.0017405776569353,"lineage-cluster bootstrap, centered standard-error interval",0.0974335028874533,0.1042564419272299,0.0003938172426654,0.1004511551646761,0.0019960079840319,0.0002058322315768,0.0006615855806452,0.0,500.0,level- and time-specific transfer entropy from the epigenetic segment to development full-series time 26,epigenetic,development,26,0.4642857142857142,57.0,False,epigenetic_factor,epigenetic,,,26,0.4642857142857142
epigenetic_to_development_t_27,epigenetic_to_development_t_27,5,10,262,epigenetic,generation-conditioned coherent Gaussian-copula CMI from one joint covariance,0.0,0.1004022247015826,0.1008484235556615,0.0017948355237117,"lineage-cluster bootstrap, centered standard-error interval",0.0968844117169345,0.1039200376862308,0.0003914582610017,0.1000107664405809,0.0019960079840319,0.0001616031873851,0.0006524711201484,0.0,500.0,level- and time-specific transfer entropy from the epigenetic segment to development full-series time 27,epigenetic,development,27,0.4821428571428571,57.0,False,epigenetic_factor,epigenetic,,,27,0.4821428571428571
epigenetic_to_development_t_28,epigenetic_to_development_t_28,5,10,262,epigenetic,generation-conditioned coherent Gaussian-copula CMI from one joint covariance,0.0,0.1001737055799528,0.1005527310721154,0.0017528053039569,"lineage-cluster bootstrap, centered standard-error interval",0.0967382703122864,0.1036091408476191,0.0003902142091761,0.0997834913707766,0.0019960079840319,0.0002101943308095,0.0006495336468309,0.0,500.0,level- and time-specific transfer entropy from the epigenetic segment to development full-series time 28,epigenetic,development,28,0.5,57.0,False,epigenetic_factor,epigenetic,,,28,0.5
epigenetic_to_development_t_29,epigenetic_to_development_t_29,5,10,262,epigenetic,generation-conditioned coherent Gaussian-copula CMI from one joint covariance,0.0,0.0997673337604942,0.1000503224976292,0.0016627378341285,"lineage-cluster bootstrap, centered standard-error interval",0.0965084274898701,0.1030262400311183,0.0003877563206279,0.0993795774398663,0.0019960079840319,0.0001809394774788,0.0006606267911127,0.0,500.0,level- and time-specific transfer entropy from the epigenetic segment to development full-series time 29,epigenetic,development,29,0.5178571428571428,57.0,False,epigenetic_factor,epigenetic,,,29,0.5178571428571428
epigenetic_to_development_t_30,epigenetic_to_development_t_30,5,10,262,epigenetic,generation-conditioned coherent Gaussian-copula CMI from one joint covariance,0.0,0.0994077973663508,0.0998141811405135,0.0017065205493382,"lineage-cluster bootstrap, centered standard-error interval",0.0960630785507703,0.1027525161819314,0.0003886349929771,0.0990191623733737,0.0019960079840319,0.0002120873704384,0.0006691306922184,0.0,500.0,level- and time-specific transfer entropy from the epigenetic segment to development full-series time 30,epigenetic,development,30,0.5357142857142857,57.0,False,epigenetic_factor,epigenetic,,,30,0.5357142857142857
epigenetic_to_development_t_31,epigenetic_to_development_t_31,5,10,262,epigenetic,generation-conditioned coherent Gaussian-copula CMI from one joint covariance,0.0,0.0986263943273915,0.0988687775260539,0.0016993151398168,"lineage-cluster bootstrap, centered standard-error interval",0.0952957978549668,0.1019569907998163,0.0003911346989356,0.0982352596284559,0.0019960079840319,0.0001776107565023,0.0006153293718222,0.0,500.0,level- and time-specific transfer entropy from the epigenetic segment to development full-series time 31,epigenetic,development,31,0.5535714285714285,57.0,False,epigenetic_factor,epigenetic,,,31,0.5535714285714285
epigenetic_to_development_t_32,epigenetic_to_development_t_32,5,10,262,epigenetic,generation-conditioned coherent Gaussian-copula CMI from one joint covariance,0.0,0.0980277861819313,0.0984797743195887,0.0017259941217278,"lineage-cluster bootstrap, centered standard-error interval",0.0946448998658169,0.1014106724980456,0.0003965048198536,0.0976312813620776,0.0019960079840319,0.0002152832343314,0.0006363971707906,0.0,500.0,level- and time-specific transfer entropy from the epigenetic segment to development full-series time 32,epigenetic,development,32,0.5714285714285714,57.0,False,epigenetic_factor,epigenetic,,,32,0.5714285714285714
epigenetic_to_development_t_33,epigenetic_to_development_t_33,5,10,262,epigenetic,generation-conditioned coherent Gaussian-copula CMI from one joint covariance,0.0,0.0972758470505811,0.0977692605342616,0.0017663756814507,"lineage-cluster bootstrap, centered standard-error interval",0.0938138143317702,0.100737879769392,0.0003945686584986,0.0968812783920825,0.0019960079840319,0.0002051372299936,0.0006523425111979,0.0,500.0,level- and time-specific transfer entropy from the epigenetic segment to development full-series time 33,epigenetic,development,33,0.5892857142857143,57.0,False,epigenetic_factor,epigenetic,,,33,0.5892857142857143
epigenetic_to_development_t_34,epigenetic_to_development_t_34,5,10,262,epigenetic,generation-conditioned coherent Gaussian-copula CMI from one joint covariance,0.0,0.0968396384289639,0.0972131668397578,0.0017356561001968,"lineage-cluster bootstrap, centered standard-error interval",0.0934378149830308,0.1002414618748969,0.000396633313568,0.0964430051153958,0.0019960079840319,0.0001860255187186,0.00075202556083,0.0,500.0,level- and time-specific transfer entropy from the epigenetic segment to development full-series time 34,epigenetic,development,34,0.6071428571428571,57.0,False,epigenetic_factor,epigenetic,,,34,0.6071428571428571
epigenetic_to_development_t_35,epigenetic_to_development_t_35,5,10,262,epigenetic,generation-conditioned coherent Gaussian-copula CMI from one joint covariance,0.0,0.0956393613378592,0.0959294931216738,0.0017019826616972,"lineage-cluster bootstrap, centered standard-error interval",0.0923035366186211,0.0989751860570974,0.0003890493058926,0.0952503120319666,0.0019960079840319,0.000189114039672,0.0006856939896794,0.0,500.0,level- and time-specific transfer entropy from the epigenetic segment to development full-series time 35,epigenetic,development,35,0.625,57.0,False,epigenetic_factor,epigenetic,,,35,0.625
epigenetic_to_development_t_36,epigenetic_to_development_t_36,5,10,262,epigenetic,generation-conditioned coherent Gaussian-copula CMI from one joint covariance,0.0,0.0948791401217486,0.0952912245847192,0.0016257224417616,"lineage-cluster bootstrap, centered standard-error interval",0.0916927826870374,0.0980654975564599,0.0003940209342259,0.0944851191875226,0.0019960079840319,0.0002258751323893,0.0006395007283743,0.0,500.0,level- and time-specific transfer entropy from the epigenetic segment to development full-series time 36,epigenetic,development,36,0.6428571428571428,57.0,False,epigenetic_factor,epigenetic,,,36,0.6428571428571428
epigenetic_to_development_t_37,epigenetic_to_development_t_37,5,10,262,epigenetic,generation-conditioned coherent Gaussian-copula CMI from one joint covariance,0.0,0.0944165044634897,0.0948127338618787,0.0016573687571889,"lineage-cluster bootstrap, centered standard-error interval",0.0911681213902974,0.097664887536682,0.0003960913330105,0.0940204131304791,0.0019960079840319,0.0001911093496249,0.000626790473853,0.0,500.0,level- and time-specific transfer entropy from the epigenetic segment to development full-series time 37,epigenetic,development,37,0.6607142857142857,57.0,False,epigenetic_factor,epigenetic,,,37,0.6607142857142857
epigenetic_to_development_t_38,epigenetic_to_development_t_38,5,10,262,epigenetic,generation-conditioned coherent Gaussian-copula CMI from one joint covariance,0.0,0.0930857173469334,0.0935803521089163,0.001708767966469,"lineage-cluster bootstrap, centered standard-error interval",0.0897365936747182,0.0964348410191486,0.0003902081733252,0.0926955091736081,0.0019960079840319,0.000174966330176,0.0006520469381613,0.0,500.0,level- and time-specific transfer entropy from the epigenetic segment to development full-series time 38,epigenetic,development,38,0.6785714285714285,57.0,False,epigenetic_factor,epigenetic,,,38,0.6785714285714285
epigenetic_to_development_t_39,epigenetic_to_development_t_39,5,10,262,epigenetic,generation-conditioned coherent Gaussian-copula CMI from one joint covariance,0.0,0.0915766048169021,0.0920087267923601,0.0017220417185867,"lineage-cluster bootstrap, centered standard-error interval",0.0882014650685965,0.0949517445652076,0.0003935026406169,0.0911831021762852,0.0019960079840319,0.0002023189956067,0.0006258229305911,0.0,500.0,level- and time-specific transfer entropy from the epigenetic segment to development full-series time 39,epigenetic,development,39,0.6964285714285714,57.0,False,epigenetic_factor,epigenetic,,,39,0.6964285714285714
epigenetic_to_development_t_40,epigenetic_to_development_t_40,5,10,262,epigenetic,generation-conditioned coherent Gaussian-copula CMI from one joint covariance,0.0,0.0906644709828206,0.0910273947147717,0.0016269893930048,"lineage-cluster bootstrap, centered standard-error interval",0.0874756303693025,0.0938533115963388,0.0003998345978404,0.0902646363849802,0.0019960079840319,0.000184364445479,0.0007027562761685,0.0,500.0,level- and time-specific transfer entropy from the epigenetic segment to development full-series time 40,epigenetic,development,40,0.7142857142857142,57.0,False,epigenetic_factor,epigenetic,,,40,0.7142857142857142
epigenetic_to_development_t_41,epigenetic_to_development_t_41,5,10,262,epigenetic,generation-conditioned coherent Gaussian-copula CMI from one joint covariance,0.0,0.0895809847183234,0.0898043889406211,0.0015900067401327,"lineage-cluster bootstrap, centered standard-error interval",0.0864646287724874,0.0926973406641594,0.000389526585641,0.0891914581326824,0.0019960079840319,0.0001403385181505,0.0006850034423224,0.0,500.0,level- and time-specific transfer entropy from the epigenetic segment to development full-series time 41,epigenetic,development,41,0.7321428571428571,57.0,False,epigenetic_factor,epigenetic,,,41,0.7321428571428571
epigenetic_to_development_t_42,epigenetic_to_development_t_42,5,10,262,epigenetic,generation-conditioned coherent Gaussian-copula CMI from one joint covariance,0.0,0.0885130983670877,0.0888862416578653,0.0016555356808289,"lineage-cluster bootstrap, centered standard-error interval",0.085268308057542,0.0917578886766334,0.0003951176775748,0.0881179806895128,0.0019960079840319,0.0002040425031702,0.0006562164659956,0.0,500.0,level- and time-specific transfer entropy from the epigenetic segment to development full-series time 42,epigenetic,development,42,0.75,57.0,False,epigenetic_factor,epigenetic,,,42,0.75
epigenetic_to_development_t_43,epigenetic_to_development_t_43,5,10,262,epigenetic,generation-conditioned coherent Gaussian-copula CMI from one joint covariance,0.0,0.0872407026325894,0.0876439924636811,0.0015508823052732,"lineage-cluster bootstrap, centered standard-error interval",0.0842010291699933,0.0902803760951854,0.0003898939161102,0.0868508087164791,0.0019960079840319,0.0002006021009099,0.0006286220200557,0.0,500.0,level- and time-specific transfer entropy from the epigenetic segment to development full-series time 43,epigenetic,development,43,0.7678571428571428,57.0,False,epigenetic_factor,epigenetic,,,43,0.7678571428571428
epigenetic_to_development_t_44,epigenetic_to_development_t_44,5,10,262,epigenetic,generation-conditioned coherent Gaussian-copula CMI from one joint covariance,0.0,0.0859229983197079,0.0864760656828789,0.0016032536628474,"lineage-cluster bootstrap, centered standard-error interval",0.082780678882445,0.0890653177569708,0.0003902302175373,0.0855327681021706,0.0019960079840319,0.0001869978344607,0.0006089524573365,0.0,500.0,level- and time-specific transfer entropy from the epigenetic segment to development full-series time 44,epigenetic,development,44,0.7857142857142857,57.0,False,epigenetic_factor,epigenetic,,,44,0.7857142857142857
epigenetic_to_development_t_45,epigenetic_to_development_t_45,5,10,262,epigenetic,generation-conditioned coherent Gaussian-copula CMI from one joint covariance,0.0,0.0847230079488169,0.0851885397081725,0.0016581953513505,"lineage-cluster bootstrap, centered standard-error interval",0.0814730047808381,0.0879730111167957,0.0003966750128039,0.084326332936013,0.0019960079840319,0.0002245574527654,0.0006537307307757,0.0,500.0,level- and time-specific transfer entropy from the epigenetic segment to development full-series time 45,epigenetic,development,45,0.8035714285714285,57.0,False,epigenetic_factor,epigenetic,,,45,0.8035714285714285
epigenetic_to_development_t_46,epigenetic_to_development_t_46,5,10,262,epigenetic,generation-conditioned coherent Gaussian-copula CMI from one joint covariance,0.0,0.0837333178198408,0.0840994803909711,0.0017052252764948,"lineage-cluster bootstrap, centered standard-error interval",0.0803911376923836,0.0870754979472981,0.0003902907908955,0.0833430270289453,0.0019960079840319,0.0001919329995018,0.0006507724033004,0.0,500.0,level- and time-specific transfer entropy from the epigenetic segment to development full-series time 46,epigenetic,development,46,0.8214285714285714,57.0,False,epigenetic_factor,epigenetic,,,46,0.8214285714285714
epigenetic_to_development_t_47,epigenetic_to_development_t_47,5,10,262,epigenetic,generation-conditioned coherent Gaussian-copula CMI from one joint covariance,0.0,0.0827398216401211,0.0831289595993492,0.0015789962893532,"lineage-cluster bootstrap, centered standard-error interval",0.0796450457812663,0.0858345974989758,0.0003901539401199,0.0823496677000011,0.0019960079840319,0.0002163651788066,0.0006516537079016,0.0,500.0,level- and time-specific transfer entropy from the epigenetic segment to development full-series time 47,epigenetic,development,47,0.8392857142857142,57.0,False,epigenetic_factor,epigenetic,,,47,0.8392857142857142
epigenetic_to_development_t_48,epigenetic_to_development_t_48,5,10,262,epigenetic,generation-conditioned coherent Gaussian-copula CMI from one joint covariance,0.0,0.0816293668668037,0.0820204238318204,0.0015846400754733,"lineage-cluster bootstrap, centered standard-error interval",0.0785235293904171,0.0847352043431903,0.0003893211027404,0.0812400457640633,0.0019960079840319,0.0002053517038418,0.0006193334730461,0.0,500.0,level- and time-specific transfer entropy from the epigenetic segment to development full-series time 48,epigenetic,development,48,0.8571428571428571,57.0,False,epigenetic_factor,epigenetic,,,48,0.8571428571428571
epigenetic_to_development_t_49,epigenetic_to_development_t_49,5,10,262,epigenetic,generation-conditioned coherent Gaussian-copula CMI from one joint covariance,0.0,0.0807434362830524,0.0810971482380006,0.0017043860228356,"lineage-cluster bootstrap, centered standard-error interval",0.0774029010625411,0.0840839715035638,0.0003968433882721,0.0803465928947802,0.0019960079840319,0.0002069408610893,0.0006921454118293,0.0,500.0,level- and time-specific transfer entropy from the epigenetic segment to development full-series time 49,epigenetic,development,49,0.875,57.0,False,epigenetic_factor,epigenetic,,,49,0.875
epigenetic_to_development_t_50,epigenetic_to_development_t_50,5,10,262,epigenetic,generation-conditioned coherent Gaussian-copula CMI from one joint covariance,0.0,0.0793769025981478,0.0795905099819941,0.0015386896684321,"lineage-cluster bootstrap, centered standard-error interval",0.076361126264637,0.0823926789316587,0.0003891836684335,0.0789877189297143,0.0019960079840319,0.0001621408982743,0.0007205343621106,0.0,500.0,level- and time-specific transfer entropy from the epigenetic segment to development full-series time 50,epigenetic,development,50,0.8928571428571428,57.0,False,epigenetic_factor,epigenetic,,,50,0.8928571428571428
epigenetic_to_development_t_51,epigenetic_to_development_t_51,5,10,262,epigenetic,generation-conditioned coherent Gaussian-copula CMI from one joint covariance,0.0,0.0785565133574546,0.0790208831489388,0.0015845806543326,"lineage-cluster bootstrap, centered standard-error interval",0.0754507923443637,0.0816622343705456,0.0003911107372338,0.0781654026202208,0.0019960079840319,0.0002128594705351,0.0006268858093941,0.0,500.0,level- and time-specific transfer entropy from the epigenetic segment to development full-series time 51,epigenetic,development,51,0.9107142857142856,57.0,False,epigenetic_factor,epigenetic,,,51,0.9107142857142856
epigenetic_to_development_t_52,epigenetic_to_development_t_52,5,10,262,epigenetic,generation-conditioned coherent Gaussian-copula CMI from one joint covariance,0.0,0.0779630432624806,0.0783276543308663,0.0014876624770614,"lineage-cluster bootstrap, centered standard-error interval",0.0750472783862885,0.0808788081386727,0.0003853754775705,0.0775776677849101,0.0019960079840319,0.0002081753564223,0.0007279580742624,0.0,500.0,level- and time-specific transfer entropy from the epigenetic segment to development full-series time 52,epigenetic,development,52,0.9285714285714284,57.0,False,epigenetic_factor,epigenetic,,,52,0.9285714285714284
epigenetic_to_development_t_53,epigenetic_to_development_t_53,5,10,262,epigenetic,generation-conditioned coherent Gaussian-copula CMI from one joint covariance,0.0,0.0772893286502096,0.0777193222449507,0.0015783795747144,"lineage-cluster bootstrap, centered standard-error interval",0.0741957615298357,0.0803828957705835,0.0003946743607722,0.0768946542894374,0.0019960079840319,0.0001847332315751,0.0007296213694807,0.0,500.0,level- and time-specific transfer entropy from the epigenetic segment to development full-series time 53,epigenetic,development,53,0.9464285714285714,57.0,False,epigenetic_factor,epigenetic,,,53,0.9464285714285714
epigenetic_to_development_t_54,epigenetic_to_development_t_54,5,10,262,epigenetic,generation-conditioned coherent Gaussian-copula CMI from one joint covariance,0.0,0.0767024138135417,0.0770383384016133,0.001491022817529,"lineage-cluster bootstrap, centered standard-error interval",0.0737800627910574,0.0796247648360261,0.0003996544578003,0.0763027593557413,0.0019960079840319,0.0001641900668194,0.0006625427012771,0.0,500.0,level- and time-specific transfer entropy from the epigenetic segment to development full-series time 54,epigenetic,development,54,0.9642857142857142,57.0,False,epigenetic_factor,epigenetic,,,54,0.9642857142857142
epigenetic_to_development_t_55,epigenetic_to_development_t_55,5,10,262,epigenetic,generation-conditioned coherent Gaussian-copula CMI from one joint covariance,0.0,0.075771986532277,0.0761725619232712,0.0014869973303122,"lineage-cluster bootstrap, centered standard-error interval",0.0728575253197578,0.0786864477447963,0.0003909531527402,0.0753810333795368,0.0019960079840319,0.0001238211622386,0.0006618683735477,0.0,500.0,level- and time-specific transfer entropy from the epigenetic segment to development full-series time 55,epigenetic,development,55,0.9821428571428572,57.0,False,epigenetic_factor,epigenetic,,,55,0.9821428571428572
epigenetic_to_development_t_56,epigenetic_to_development_t_56,5,10,262,epigenetic,generation-conditioned coherent Gaussian-copula CMI from one joint covariance,0.0,0.0747473920419614,0.0750447755489823,0.0015763060009937,"lineage-cluster bootstrap, centered standard-error interval",0.0716578890513993,0.0778368950325236,0.0003896402318343,0.0743577518101271,0.0019960079840319,0.0001944847997911,0.0006803952273244,0.0,500.0,level- and time-specific transfer entropy from the epigenetic segment to development full-series time 56,epigenetic,development,56,1.0,57.0,False,epigenetic_factor,epigenetic,,,56,1.0
epigenetic_to_microbiome_t_0,epigenetic_to_microbiome_t_0,5,10,262,epigenetic,generation-conditioned coherent Gaussian-copula CMI from one joint covariance,0.0,0.0018226745222624,0.0022079103845977,0.0002552318485306,"lineage-cluster bootstrap, centered standard-error interval",0.0013224292914348,0.00232291975309,0.0003915731710599,0.0014311013512025,0.0019960079840319,0.0002122399482692,0.0006178798897159,0.0,500.0,level- and time-specific transfer entropy from the epigenetic segment to microbiome full-series time 0,epigenetic,microbiome,0,0.0,61.0,False,epigenetic_factor,epigenetic,,,0,0.0
epigenetic_to_microbiome_t_1,epigenetic_to_microbiome_t_1,5,10,262,epigenetic,generation-conditioned coherent Gaussian-copula CMI from one joint covariance,0.0,0.0035756466800497,0.0039588336805424,0.00033031799427,"lineage-cluster bootstrap, centered standard-error interval",0.0029282353078349,0.0042230580522645,0.0003901989479859,0.0031854477320638,0.0019960079840319,0.000197581104297,0.0008495365074265,0.0,500.0,level- and time-specific transfer entropy from the epigenetic segment to microbiome full-series time 1,epigenetic,microbiome,1,0.0166666666666666,61.0,False,epigenetic_factor,epigenetic,,,1,0.0166666666666666
epigenetic_to_microbiome_t_2,epigenetic_to_microbiome_t_2,5,10,262,epigenetic,generation-conditioned coherent Gaussian-copula CMI from one joint covariance,0.0,0.0056222375480931,0.0059869118605092,0.0004101228443323,"lineage-cluster bootstrap, centered standard-error interval",0.0048184115439646,0.0064260635522216,0.0003942071494802,0.0052280303986129,0.0019960079840319,0.0002194375363513,0.0006951586651043,0.0,500.0,level- and time-specific transfer entropy from the epigenetic segment to microbiome full-series time 2,epigenetic,microbiome,2,0.0333333333333333,61.0,False,epigenetic_factor,epigenetic,,,2,0.0333333333333333
epigenetic_to_microbiome_t_3,epigenetic_to_microbiome_t_3,5,10,262,epigenetic,generation-conditioned coherent Gaussian-copula CMI from one joint covariance,0.0,0.0082172174136508,0.0086051064659874,0.0005273378505969,"lineage-cluster bootstrap, centered standard-error interval",0.007183654218796,0.0092507806085057,0.0003943777420115,0.0078228396716393,0.0019960079840319,0.0002032885989768,0.0006624441277535,0.0,500.0,level- and time-specific transfer entropy from the epigenetic segment to microbiome full-series time 3,epigenetic,microbiome,3,0.05,61.0,False,epigenetic_factor,epigenetic,,,3,0.05
epigenetic_to_microbiome_t_4,epigenetic_to_microbiome_t_4,5,10,262,epigenetic,generation-conditioned coherent Gaussian-copula CMI from one joint covariance,0.0,0.0109830265032019,0.0113872462721901,0.0006015397313907,"lineage-cluster bootstrap, centered standard-error interval",0.0098040302944061,0.0121620227119976,0.000394613868385,0.0105884126348168,0.0019960079840319,0.0001735485454036,0.0006560104357928,0.0,500.0,level- and time-specific transfer entropy from the epigenetic segment to microbiome full-series time 4,epigenetic,microbiome,4,0.0666666666666666,61.0,False,epigenetic_factor,epigenetic,,,4,0.0666666666666666
epigenetic_to_microbiome_t_5,epigenetic_to_microbiome_t_5,5,10,262,epigenetic,generation-conditioned coherent Gaussian-copula CMI from one joint covariance,0.0,0.0136364671884211,0.0140431778743203,0.0006406863276536,"lineage-cluster bootstrap, centered standard-error interval",0.0123807450608326,0.0148921893160095,0.0003945795008826,0.0132418876875384,0.0019960079840319,0.0001895253418369,0.0007674596277554,0.0,500.0,level- and time-specific transfer entropy from the epigenetic segment to microbiome full-series time 5,epigenetic,microbiome,5,0.0833333333333333,61.0,False,epigenetic_factor,epigenetic,,,5,0.0833333333333333
epigenetic_to_microbiome_t_6,epigenetic_to_microbiome_t_6,5,10,262,epigenetic,generation-conditioned coherent Gaussian-copula CMI from one joint covariance,0.0,0.0161944987034583,0.0165919776578453,0.0006788955813875,"lineage-cluster bootstrap, centered standard-error interval",0.0148638878146753,0.0175251095922413,0.0003969411688091,0.0157975575346491,0.0019960079840319,0.0002219663021615,0.0007462112575933,0.0,500.0,level- and time-specific transfer entropy from the epigenetic segment to microbiome full-series time 6,epigenetic,microbiome,6,0.1,61.0,False,epigenetic_factor,epigenetic,,,6,0.1
epigenetic_to_microbiome_t_7,epigenetic_to_microbiome_t_7,5,10,262,epigenetic,generation-conditioned coherent Gaussian-copula CMI from one joint covariance,0.0,0.0187410994924081,0.0191564407131158,0.0007295073087452,"lineage-cluster bootstrap, centered standard-error interval",0.0173112914408087,0.0201709075440074,0.0003934733057778,0.0183476261866302,0.0019960079840319,0.0002122894794601,0.000717430140677,0.0,500.0,level- and time-specific transfer entropy from the epigenetic segment to microbiome full-series time 7,epigenetic,microbiome,7,0.1166666666666666,61.0,False,epigenetic_factor,epigenetic,,,7,0.1166666666666666
epigenetic_to_microbiome_t_8,epigenetic_to_microbiome_t_8,5,10,262,epigenetic,generation-conditioned coherent Gaussian-copula CMI from one joint covariance,0.0,0.0209688742235173,0.0213436222516326,0.0007916879710678,"lineage-cluster bootstrap, centered standard-error interval",0.0194171943132307,0.0225205541338039,0.0003854499626434,0.0205834242608739,0.0019960079840319,0.0002014989626393,0.0006760584295538,0.0,500.0,level- and time-specific transfer entropy from the epigenetic segment to microbiome full-series time 8,epigenetic,microbiome,8,0.1333333333333333,61.0,False,epigenetic_factor,epigenetic,,,8,0.1333333333333333
epigenetic_to_microbiome_t_9,epigenetic_to_microbiome_t_9,5,10,262,epigenetic,generation-conditioned coherent Gaussian-copula CMI from one joint covariance,0.0,0.0229486981107977,0.0233100374108274,0.0008272075204773,"lineage-cluster bootstrap, centered standard-error interval",0.0213274011629215,0.0245699950586739,0.0003898376257863,0.0225588604850114,0.0019960079840319,0.0002093789893396,0.0007602736535807,0.0,500.0,level- and time-specific transfer entropy from the epigenetic segment to microbiome full-series time 9,epigenetic,microbiome,9,0.15,61.0,False,epigenetic_factor,epigenetic,,,9,0.15
epigenetic_to_microbiome_t_10,epigenetic_to_microbiome_t_10,5,10,262,epigenetic,generation-conditioned coherent Gaussian-copula CMI from one joint covariance,0.0,0.0247295993836187,0.0251415085262893,0.0008294560388219,"lineage-cluster bootstrap, centered standard-error interval",0.0231038954207685,0.026355303346469,0.0003881851311532,0.0243414142524655,0.0019960079840319,0.0001990654452729,0.0005981450166571,0.0,500.0,level- and time-specific transfer entropy from the epigenetic segment to microbiome full-series time 10,epigenetic,microbiome,10,0.1666666666666666,61.0,False,epigenetic_factor,epigenetic,,,10,0.1666666666666666
epigenetic_to_microbiome_t_11,epigenetic_to_microbiome_t_11,5,10,262,epigenetic,generation-conditioned coherent Gaussian-copula CMI from one joint covariance,0.0,0.0263547119270347,0.0266909013931475,0.0009182399209505,"lineage-cluster bootstrap, centered standard-error interval",0.0245549947528048,0.0281544291012647,0.0003932825910857,0.025961429335949,0.0019960079840319,0.0001909625174676,0.000758167264004,0.0,500.0,level- and time-specific transfer entropy from the epigenetic segment to microbiome full-series time 11,epigenetic,microbiome,11,0.1833333333333333,61.0,False,epigenetic_factor,epigenetic,,,11,0.1833333333333333
epigenetic_to_microbiome_t_12,epigenetic_to_microbiome_t_12,5,10,262,epigenetic,generation-conditioned coherent Gaussian-copula CMI from one joint covariance,0.0,0.0276225815171535,0.0280123551991841,0.000913391161869,"lineage-cluster bootstrap, centered standard-error interval",0.025832367736093,0.0294127952982139,0.0003908155691815,0.0272317659479719,0.0019960079840319,0.0001923065478296,0.0006230392044729,0.0,500.0,level- and time-specific transfer entropy from the epigenetic segment to microbiome full-series time 12,epigenetic,microbiome,12,0.2,61.0,False,epigenetic_factor,epigenetic,,,12,0.2
epigenetic_to_microbiome_t_13,epigenetic_to_microbiome_t_13,5,10,262,epigenetic,generation-conditioned coherent Gaussian-copula CMI from one joint covariance,0.0,0.0291358796870986,0.0294969383681036,0.0009117399193479,"lineage-cluster bootstrap, centered standard-error interval",0.0273489022819092,0.030922857092288,0.0003905018873403,0.0287453777997582,0.0019960079840319,0.0001822960576588,0.0006975164260519,0.0,500.0,level- and time-specific transfer entropy from the epigenetic segment to microbiome full-series time 13,epigenetic,microbiome,13,0.2166666666666666,61.0,False,epigenetic_factor,epigenetic,,,13,0.2166666666666666
epigenetic_to_microbiome_t_14,epigenetic_to_microbiome_t_14,5,10,262,epigenetic,generation-conditioned coherent Gaussian-copula CMI from one joint covariance,0.0,0.0305499559437423,0.0309172442865471,0.0009321620376148,"lineage-cluster bootstrap, centered standard-error interval",0.0287229519222618,0.0323769599652229,0.0003982535589657,0.0301517023847766,0.0019960079840319,0.0002272321788806,0.0006907215191117,0.0,500.0,level- and time-specific transfer entropy from the epigenetic segment to microbiome full-series time 14,epigenetic,microbiome,14,0.2333333333333333,61.0,False,epigenetic_factor,epigenetic,,,14,0.2333333333333333
epigenetic_to_microbiome_t_15,epigenetic_to_microbiome_t_15,5,10,262,epigenetic,generation-conditioned coherent Gaussian-copula CMI from one joint covariance,0.0,0.0316427586117105,0.0319873714289477,0.0009769699820448,"lineage-cluster bootstrap, centered standard-error interval",0.0297279326329259,0.0335575845904951,0.0003849183367408,0.0312578402749696,0.0019960079840319,0.0001848280828658,0.0006109201209576,0.0,500.0,level- and time-specific transfer entropy from the epigenetic segment to microbiome full-series time 15,epigenetic,microbiome,15,0.25,61.0,False,epigenetic_factor,epigenetic,,,15,0.25
epigenetic_to_microbiome_t_16,epigenetic_to_microbiome_t_16,5,10,262,epigenetic,generation-conditioned coherent Gaussian-copula CMI from one joint covariance,0.0,0.0326659078135306,0.0331035196993719,0.0009580051826822,"lineage-cluster bootstrap, centered standard-error interval",0.0307882521584706,0.0345435634685906,0.0003923918366172,0.0322735159769134,0.0019960079840319,0.0001875675031531,0.000719861564781,0.0,500.0,level- and time-specific transfer entropy from the epigenetic segment to microbiome full-series time 16,epigenetic,microbiome,16,0.2666666666666666,61.0,False,epigenetic_factor,epigenetic,,,16,0.2666666666666666
epigenetic_to_microbiome_t_17,epigenetic_to_microbiome_t_17,5,10,262,epigenetic,generation-conditioned coherent Gaussian-copula CMI from one joint covariance,0.0,0.033628029067924,0.0339809462612252,0.0009863035257566,"lineage-cluster bootstrap, centered standard-error interval",0.0316949096796162,0.0355611484562318,0.0003872844556803,0.0332407446122436,0.0019960079840319,0.000213426032283,0.000641188484578,0.0,500.0,level- and time-specific transfer entropy from the epigenetic segment to microbiome full-series time 17,epigenetic,microbiome,17,0.2833333333333333,61.0,False,epigenetic_factor,epigenetic,,,17,0.2833333333333333
epigenetic_to_microbiome_t_18,epigenetic_to_microbiome_t_18,5,10,262,epigenetic,generation-conditioned coherent Gaussian-copula CMI from one joint covariance,0.0,0.0346466902461988,0.0350275893003885,0.0010184028470611,"lineage-cluster bootstrap, centered standard-error interval",0.0326506573442059,0.0366427231481917,0.00038242938323,0.0342642608629688,0.0019960079840319,0.0002233375929244,0.0006424668268498,0.0,500.0,level- and time-specific transfer entropy from the epigenetic segment to microbiome full-series time 18,epigenetic,microbiome,18,0.3,61.0,False,epigenetic_factor,epigenetic,,,18,0.3
epigenetic_to_microbiome_t_19,epigenetic_to_microbiome_t_19,5,10,262,epigenetic,generation-conditioned coherent Gaussian-copula CMI from one joint covariance,0.0,0.0355134860870662,0.0359098435655052,0.0010647569563429,"lineage-cluster bootstrap, centered standard-error interval",0.0334266008003456,0.0376003713737869,0.0003933440339807,0.0351201420530855,0.0019960079840319,0.0001822879350045,0.0007724570477796,0.0,500.0,level- and time-specific transfer entropy from the epigenetic segment to microbiome full-series time 19,epigenetic,microbiome,19,0.3166666666666666,61.0,False,epigenetic_factor,epigenetic,,,19,0.3166666666666666
epigenetic_to_microbiome_t_20,epigenetic_to_microbiome_t_20,5,10,262,epigenetic,generation-conditioned coherent Gaussian-copula CMI from one joint covariance,0.0,0.0362584503917186,0.036592231418141,0.0011260240589648,"lineage-cluster bootstrap, centered standard-error interval",0.0340514837904218,0.0384654169930154,0.0003966653172056,0.035861785074513,0.0019960079840319,0.00020988515453,0.0007105844200887,0.0,500.0,level- and time-specific transfer entropy from the epigenetic segment to microbiome full-series time 20,epigenetic,microbiome,20,0.3333333333333333,61.0,False,epigenetic_factor,epigenetic,,,20,0.3333333333333333
epigenetic_to_microbiome_t_21,epigenetic_to_microbiome_t_21,5,10,262,epigenetic,generation-conditioned coherent Gaussian-copula CMI from one joint covariance,0.0,0.0370072648405659,0.0374006094895742,0.0009746112493971,"lineage-cluster bootstrap, centered standard-error interval",0.0350970618928199,0.0389174677883118,0.0003913461277998,0.036615918712766,0.0019960079840319,0.0001701090514813,0.0006640494508468,0.0,500.0,level- and time-specific transfer entropy from the epigenetic segment to microbiome full-series time 21,epigenetic,microbiome,21,0.35,61.0,False,epigenetic_factor,epigenetic,,,21,0.35
epigenetic_to_microbiome_t_22,epigenetic_to_microbiome_t_22,5,10,262,epigenetic,generation-conditioned coherent Gaussian-copula CMI from one joint covariance,0.0,0.037673812272899,0.0381086230487984,0.0010165765471902,"lineage-cluster bootstrap, centered standard-error interval",0.0356813588528779,0.0396662656929201,0.000389202331643,0.037284609941256,0.0019960079840319,0.0002165367970151,0.000686047362699,0.0,500.0,level- and time-specific transfer entropy from the epigenetic segment to microbiome full-series time 22,epigenetic,microbiome,22,0.3666666666666666,61.0,False,epigenetic_factor,epigenetic,,,22,0.3666666666666666
epigenetic_to_microbiome_t_23,epigenetic_to_microbiome_t_23,5,10,262,epigenetic,generation-conditioned coherent Gaussian-copula CMI from one joint covariance,0.0,0.0381835748256974,0.0385823548713116,0.0010540172263699,"lineage-cluster bootstrap, centered standard-error interval",0.0361177390229275,0.0402494106284674,0.0003893520662285,0.0377942227594689,0.0019960079840319,0.0002111225097131,0.0006944625757836,0.0,500.0,level- and time-specific transfer entropy from the epigenetic segment to microbiome full-series time 23,epigenetic,microbiome,23,0.3833333333333333,61.0,False,epigenetic_factor,epigenetic,,,23,0.3833333333333333
epigenetic_to_microbiome_t_24,epigenetic_to_microbiome_t_24,5,10,262,epigenetic,generation-conditioned coherent Gaussian-copula CMI from one joint covariance,0.0,0.038588432545865,0.0389726169702536,0.0011080484016253,"lineage-cluster bootstrap, centered standard-error interval",0.0364166975855522,0.0407601675061778,0.0003920648623745,0.0381963676834904,0.0019960079840319,0.0001786761195293,0.0006814039248964,0.0,500.0,level- and time-specific transfer entropy from the epigenetic segment to microbiome full-series time 24,epigenetic,microbiome,24,0.4,61.0,False,epigenetic_factor,epigenetic,,,24,0.4
epigenetic_to_microbiome_t_25,epigenetic_to_microbiome_t_25,5,10,262,epigenetic,generation-conditioned coherent Gaussian-copula CMI from one joint covariance,0.0,0.039272558712523,0.0397234700656783,0.0011343002403374,"lineage-cluster bootstrap, centered standard-error interval",0.0370493710938065,0.0414957463312395,0.0003941852678502,0.0388783734446727,0.0019960079840319,0.000160680690476,0.000625870401069,0.0,500.0,level- and time-specific transfer entropy from the epigenetic segment to microbiome full-series time 25,epigenetic,microbiome,25,0.4166666666666667,61.0,False,epigenetic_factor,epigenetic,,,25,0.4166666666666667
epigenetic_to_microbiome_t_26,epigenetic_to_microbiome_t_26,5,10,262,epigenetic,generation-conditioned coherent Gaussian-copula CMI from one joint covariance,0.0,0.0398271363748364,0.0401995900605072,0.0011502564087842,"lineage-cluster bootstrap, centered standard-error interval",0.0375726752406328,0.04208159750904,0.0003932483169593,0.039433888057877,0.0019960079840319,0.0001750569977866,0.0006277536033698,0.0,500.0,level- and time-specific transfer entropy from the epigenetic segment to microbiome full-series time 26,epigenetic,microbiome,26,0.4333333333333333,61.0,False,epigenetic_factor,epigenetic,,,26,0.4333333333333333
epigenetic_to_microbiome_t_27,epigenetic_to_microbiome_t_27,5,10,262,epigenetic,generation-conditioned coherent Gaussian-copula CMI from one joint covariance,0.0,0.040075994669344,0.0404648386767923,0.0011312142744218,"lineage-cluster bootstrap, centered standard-error interval",0.0378588554326795,0.0422931339060085,0.0003943807615443,0.0396816139077996,0.0019960079840319,0.000220904515427,0.0007832333580702,0.0,500.0,level- and time-specific transfer entropy from the epigenetic segment to microbiome full-series time 27,epigenetic,microbiome,27,0.45,61.0,False,epigenetic_factor,epigenetic,,,27,0.45
epigenetic_to_microbiome_t_28,epigenetic_to_microbiome_t_28,5,10,262,epigenetic,generation-conditioned coherent Gaussian-copula CMI from one joint covariance,0.0,0.0405659773284351,0.0410210330845019,0.0011161445223418,"lineage-cluster bootstrap, centered standard-error interval",0.0383783742631034,0.0427535803937667,0.000396477929335,0.0401694993991001,0.0019960079840319,0.0001705009257742,0.000638026432265,0.0,500.0,level- and time-specific transfer entropy from the epigenetic segment to microbiome full-series time 28,epigenetic,microbiome,28,0.4666666666666667,61.0,False,epigenetic_factor,epigenetic,,,28,0.4666666666666667
epigenetic_to_microbiome_t_29,epigenetic_to_microbiome_t_29,5,10,262,epigenetic,generation-conditioned coherent Gaussian-copula CMI from one joint covariance,0.0,0.0409537914120885,0.041311426315909,0.001086165806858,"lineage-cluster bootstrap, centered standard-error interval",0.0388249455494078,0.0430826372747692,0.0003924602997783,0.0405613311123101,0.0019960079840319,0.0002059208916128,0.0006514335763255,0.0,500.0,level- and time-specific transfer entropy from the epigenetic segment to microbiome full-series time 29,epigenetic,microbiome,29,0.4833333333333333,61.0,False,epigenetic_factor,epigenetic,,,29,0.4833333333333333
epigenetic_to_microbiome_t_30,epigenetic_to_microbiome_t_30,5,10,262,epigenetic,generation-conditioned coherent Gaussian-copula CMI from one joint covariance,0.0,0.0414163327636674,0.0418518121373793,0.0011192887534579,"lineage-cluster bootstrap, centered standard-error interval",0.0392225671185892,0.0436100984087457,0.0003884249375884,0.041027907826079,0.0019960079840319,0.0001956482793769,0.0007657265900442,0.0,500.0,level- and time-specific transfer entropy from the epigenetic segment to microbiome full-series time 30,epigenetic,microbiome,30,0.5,61.0,False,epigenetic_factor,epigenetic,,,30,0.5
epigenetic_to_microbiome_t_31,epigenetic_to_microbiome_t_31,5,10,262,epigenetic,generation-conditioned coherent Gaussian-copula CMI from one joint covariance,0.0,0.0417464059325443,0.0421753551215159,0.0010969709819179,"lineage-cluster bootstrap, centered standard-error interval",0.0395963823158995,0.043896429549189,0.0003950463362394,0.0413513595963048,0.0019960079840319,0.0002010976616053,0.0006313337211294,0.0,500.0,level- and time-specific transfer entropy from the epigenetic segment to microbiome full-series time 31,epigenetic,microbiome,31,0.5166666666666666,61.0,False,epigenetic_factor,epigenetic,,,31,0.5166666666666666
epigenetic_to_microbiome_t_32,epigenetic_to_microbiome_t_32,5,10,262,epigenetic,generation-conditioned coherent Gaussian-copula CMI from one joint covariance,0.0,0.0420111320744578,0.0423505407683847,0.0011697799687693,"lineage-cluster bootstrap, centered standard-error interval",0.0397184054658335,0.044303858683082,0.0003928505157603,0.0416182815586974,0.0019960079840319,0.0002128841206868,0.0006497833510079,0.0,500.0,level- and time-specific transfer entropy from the epigenetic segment to microbiome full-series time 32,epigenetic,microbiome,32,0.5333333333333333,61.0,False,epigenetic_factor,epigenetic,,,32,0.5333333333333333
epigenetic_to_microbiome_t_33,epigenetic_to_microbiome_t_33,5,10,262,epigenetic,generation-conditioned coherent Gaussian-copula CMI from one joint covariance,0.0,0.0424439926427732,0.0427366242417175,0.0011503626832484,"lineage-cluster bootstrap, centered standard-error interval",0.0401893232144473,0.0446986620710991,0.0003919826112859,0.0420520100314873,0.0019960079840319,0.0001945027214248,0.0006070266214909,0.0,500.0,level- and time-specific transfer entropy from the epigenetic segment to microbiome full-series time 33,epigenetic,microbiome,33,0.55,61.0,False,epigenetic_factor,epigenetic,,,33,0.55
epigenetic_to_microbiome_t_34,epigenetic_to_microbiome_t_34,5,10,262,epigenetic,generation-conditioned coherent Gaussian-copula CMI from one joint covariance,0.0,0.0427952969931634,0.0431993547782096,0.0012084110869843,"lineage-cluster bootstrap, centered standard-error interval",0.0404268547841552,0.0451637392021716,0.0003888503106575,0.0424064466825059,0.0019960079840319,0.0001843267810868,0.0006569135053219,0.0,500.0,level- and time-specific transfer entropy from the epigenetic segment to microbiome full-series time 34,epigenetic,microbiome,34,0.5666666666666667,61.0,False,epigenetic_factor,epigenetic,,,34,0.5666666666666667
epigenetic_to_microbiome_t_35,epigenetic_to_microbiome_t_35,5,10,262,epigenetic,generation-conditioned coherent Gaussian-copula CMI from one joint covariance,0.0,0.0433130253004251,0.0436824612334919,0.0011322669255797,"lineage-cluster bootstrap, centered standard-error interval",0.0410938229054028,0.0455322276954473,0.0003853641598131,0.042927661140612,0.0019960079840319,0.0002087723427161,0.0007218894141511,0.0,500.0,level- and time-specific transfer entropy from the epigenetic segment to microbiome full-series time 35,epigenetic,microbiome,35,0.5833333333333334,61.0,False,epigenetic_factor,epigenetic,,,35,0.5833333333333334
epigenetic_to_microbiome_t_36,epigenetic_to_microbiome_t_36,5,10,262,epigenetic,generation-conditioned coherent Gaussian-copula CMI from one joint covariance,0.0,0.0435290545652735,0.0439486736078324,0.0011851537708504,"lineage-cluster bootstrap, centered standard-error interval",0.0412061958582648,0.0458519132722821,0.0003953506924489,0.0431337038728246,0.0019960079840319,0.0001920923661544,0.0007334194038827,0.0,500.0,level- and time-specific transfer entropy from the epigenetic segment to microbiome full-series time 36,epigenetic,microbiome,36,0.6,61.0,True,epigenetic_factor,epigenetic,,,36,0.6
epigenetic_to_microbiome_t_37,epigenetic_to_microbiome_t_37,5,10,262,epigenetic,generation-conditioned coherent Gaussian-copula CMI from one joint covariance,0.0,0.0437146299199635,0.0441085957751095,0.0011516120801286,"lineage-cluster bootstrap, centered standard-error interval",0.0414575117187501,0.045971748121177,0.0003922797986427,0.0433223501213208,0.0019960079840319,0.0001964553108816,0.000631088735187,0.0,500.0,level- and time-specific transfer entropy from the epigenetic segment to microbiome full-series time 37,epigenetic,microbiome,37,0.6166666666666667,61.0,True,epigenetic_factor,epigenetic,,,37,0.6166666666666667
epigenetic_to_microbiome_t_38,epigenetic_to_microbiome_t_38,5,10,262,epigenetic,generation-conditioned coherent Gaussian-copula CMI from one joint covariance,0.0,0.0439549116405651,0.0442651383421018,0.0011628812341097,"lineage-cluster bootstrap, centered standard-error interval",0.0416757063034125,0.0462341169777178,0.0003965710802291,0.043558340560336,0.0019960079840319,0.0001965938139634,0.0006248926894574,0.0,500.0,level- and time-specific transfer entropy from the epigenetic segment to microbiome full-series time 38,epigenetic,microbiome,38,0.6333333333333333,61.0,True,epigenetic_factor,epigenetic,,,38,0.6333333333333333
epigenetic_to_microbiome_t_39,epigenetic_to_microbiome_t_39,5,10,262,epigenetic,generation-conditioned coherent Gaussian-copula CMI from one joint covariance,0.0,0.0442139344096707,0.0445468091825645,0.0011555334579395,"lineage-cluster bootstrap, centered standard-error interval",0.0419491304491783,0.0464787383701632,0.0003920858678791,0.0438218485417916,0.0019960079840319,0.0001924312379977,0.0006362864311195,0.0,500.0,level- and time-specific transfer entropy from the epigenetic segment to microbiome full-series time 39,epigenetic,microbiome,39,0.65,61.0,True,epigenetic_factor,epigenetic,,,39,0.65
epigenetic_to_microbiome_t_40,epigenetic_to_microbiome_t_40,5,10,262,epigenetic,generation-conditioned coherent Gaussian-copula CMI from one joint covariance,0.0,0.0444647010536335,0.0448724657044265,0.001190142735721,"lineage-cluster bootstrap, centered standard-error interval",0.0421320641551582,0.0467973379521088,0.0003964406986837,0.0440682603549498,0.0019960079840319,0.0001718860865077,0.0006506103156573,0.0,500.0,level- and time-specific transfer entropy from the epigenetic segment to microbiome full-series time 40,epigenetic,microbiome,40,0.6666666666666666,61.0,True,epigenetic_factor,epigenetic,,,40,0.6666666666666666
epigenetic_to_microbiome_t_41,epigenetic_to_microbiome_t_41,5,10,262,epigenetic,generation-conditioned coherent Gaussian-copula CMI from one joint covariance,0.0,0.0448182525534168,0.0451156735450939,0.0011639342884306,"lineage-cluster bootstrap, centered standard-error interval",0.0425369832677215,0.0470995218391121,0.0003968754516363,0.0444213771017804,0.0019960079840319,0.0002228931122588,0.0007046314955279,0.0,500.0,level- and time-specific transfer entropy from the epigenetic segment to microbiome full-series time 41,epigenetic,microbiome,41,0.6833333333333333,61.0,True,epigenetic_factor,epigenetic,,,41,0.6833333333333333
epigenetic_to_microbiome_t_42,epigenetic_to_microbiome_t_42,5,10,262,epigenetic,generation-conditioned coherent Gaussian-copula CMI from one joint covariance,0.0,0.0451106427480249,0.0455456617595063,0.0011557247016502,"lineage-cluster bootstrap, centered standard-error interval",0.0428454639567472,0.0473758215393027,0.0003856337976138,0.0447250089504111,0.0019960079840319,0.0001733099606762,0.0006860857235315,0.0,500.0,level- and time-specific transfer entropy from the epigenetic segment to microbiome full-series time 42,epigenetic,microbiome,42,0.7,61.0,True,epigenetic_factor,epigenetic,,,42,0.7
epigenetic_to_microbiome_t_43,epigenetic_to_microbiome_t_43,5,10,262,epigenetic,generation-conditioned coherent Gaussian-copula CMI from one joint covariance,0.0,0.0453404791370029,0.0457516384144544,0.0012583401954726,"lineage-cluster bootstrap, centered standard-error interval",0.0428741776735773,0.0478067806004285,0.0003861246927342,0.0449543544442687,0.0019960079840319,0.0002052952796126,0.0006343333171464,0.0,500.0,level- and time-specific transfer entropy from the epigenetic segment to microbiome full-series time 43,epigenetic,microbiome,43,0.7166666666666667,61.0,True,epigenetic_factor,epigenetic,,,43,0.7166666666666667
epigenetic_to_microbiome_t_44,epigenetic_to_microbiome_t_44,5,10,262,epigenetic,generation-conditioned coherent Gaussian-copula CMI from one joint covariance,0.0,0.0455362111054821,0.0458518393608543,0.0011580901080004,"lineage-cluster bootstrap, centered standard-error interval",0.0432663962029492,0.047806026008015,0.0003895049223726,0.0451467061831094,0.0019960079840319,0.0002147391595586,0.0006420388959927,0.0,500.0,level- and time-specific transfer entropy from the epigenetic segment to microbiome full-series time 44,epigenetic,microbiome,44,0.7333333333333333,61.0,True,epigenetic_factor,epigenetic,,,44,0.7333333333333333
epigenetic_to_microbiome_t_45,epigenetic_to_microbiome_t_45,5,10,262,epigenetic,generation-conditioned coherent Gaussian-copula CMI from one joint covariance,0.0,0.0457276828730911,0.0460885612551072,0.0011397527572543,"lineage-cluster bootstrap, centered standard-error interval",0.0434938085175923,0.0479615572285898,0.0003903750929735,0.0453373077801176,0.0019960079840319,0.0002130087841358,0.0006525629522737,0.0,500.0,level- and time-specific transfer entropy from the epigenetic segment to microbiome full-series time 45,epigenetic,microbiome,45,0.75,61.0,True,epigenetic_factor,epigenetic,,,45,0.75
epigenetic_to_microbiome_t_46,epigenetic_to_microbiome_t_46,5,10,262,epigenetic,generation-conditioned coherent Gaussian-copula CMI from one joint covariance,0.0,0.0459912732268217,0.0463808193201819,0.0011968290607045,"lineage-cluster bootstrap, centered standard-error interval",0.0436455313721899,0.0483370150814534,0.0003892863607656,0.045601986866056,0.0019960079840319,0.0001810751697691,0.0006149676445738,0.0,500.0,level- and time-specific transfer entropy from the epigenetic segment to microbiome full-series time 46,epigenetic,microbiome,46,0.7666666666666666,61.0,False,epigenetic_factor,epigenetic,,,46,0.7666666666666666
epigenetic_to_microbiome_t_47,epigenetic_to_microbiome_t_47,5,10,262,epigenetic,generation-conditioned coherent Gaussian-copula CMI from one joint covariance,0.0,0.0461078279936834,0.0465011171847376,0.0011577825894696,"lineage-cluster bootstrap, centered standard-error interval",0.0438386158163953,0.0483770401709715,0.0003977946266081,0.0457100333670753,0.0019960079840319,0.0002165927008824,0.0007265153133166,0.0,500.0,level- and time-specific transfer entropy from the epigenetic segment to microbiome full-series time 47,epigenetic,microbiome,47,0.7833333333333333,61.0,False,epigenetic_factor,epigenetic,,,47,0.7833333333333333
epigenetic_to_microbiome_t_48,epigenetic_to_microbiome_t_48,5,10,262,epigenetic,generation-conditioned coherent Gaussian-copula CMI from one joint covariance,0.0,0.046342505570268,0.0467642615822261,0.0012345894958478,"lineage-cluster bootstrap, centered standard-error interval",0.0439227546227148,0.0487622565178213,0.0003898169614848,0.0459526886087831,0.0019960079840319,0.000169155654333,0.0006875036835801,0.0,500.0,level- and time-specific transfer entropy from the epigenetic segment to microbiome full-series time 48,epigenetic,microbiome,48,0.8,61.0,False,epigenetic_factor,epigenetic,,,48,0.8
epigenetic_to_microbiome_t_49,epigenetic_to_microbiome_t_49,5,10,262,epigenetic,generation-conditioned coherent Gaussian-copula CMI from one joint covariance,0.0,0.0465295840765877,0.0468929860675033,0.0011251334787914,"lineage-cluster bootstrap, centered standard-error interval",0.0443243629803562,0.0487348051728192,0.0003945486230441,0.0461350354535435,0.0019960079840319,0.0001995140095693,0.000713701654753,0.0,500.0,level- and time-specific transfer entropy from the epigenetic segment to microbiome full-series time 49,epigenetic,microbiome,49,0.8166666666666667,61.0,False,epigenetic_factor,epigenetic,,,49,0.8166666666666667
epigenetic_to_microbiome_t_50,epigenetic_to_microbiome_t_50,5,10,262,epigenetic,generation-conditioned coherent Gaussian-copula CMI from one joint covariance,0.0,0.0467252227007192,0.047123122884588,0.0011375113932328,"lineage-cluster bootstrap, centered standard-error interval",0.0444957413379789,0.0489547040634596,0.0003902335333763,0.0463349891673429,0.0019960079840319,0.0002145217287427,0.0006259248098382,0.0,500.0,level- and time-specific transfer entropy from the epigenetic segment to microbiome full-series time 50,epigenetic,microbiome,50,0.8333333333333334,61.0,False,epigenetic_factor,epigenetic,,,50,0.8333333333333334
epigenetic_to_microbiome_t_51,epigenetic_to_microbiome_t_51,5,10,262,epigenetic,generation-conditioned coherent Gaussian-copula CMI from one joint covariance,0.0,0.0468626542643378,0.0472353865886288,0.0011930763690511,"lineage-cluster bootstrap, centered standard-error interval",0.0445242675501917,0.049201040978484,0.0003951751748889,0.0464674790894489,0.0019960079840319,0.0001815959238404,0.0006569673359674,0.0,500.0,level- and time-specific transfer entropy from the epigenetic segment to microbiome full-series time 51,epigenetic,microbiome,51,0.85,61.0,False,epigenetic_factor,epigenetic,,,51,0.85
epigenetic_to_microbiome_t_52,epigenetic_to_microbiome_t_52,5,10,262,epigenetic,generation-conditioned coherent Gaussian-copula CMI from one joint covariance,0.0,0.0470592536379992,0.0474977635991616,0.0011920631614401,"lineage-cluster bootstrap, centered standard-error interval",0.0447228527742795,0.0493956545017189,0.0003977047050678,0.0466615489329314,0.0019960079840319,0.0001921896380977,0.0006497755107471,0.0,500.0,level- and time-specific transfer entropy from the epigenetic segment to microbiome full-series time 52,epigenetic,microbiome,52,0.8666666666666667,61.0,False,epigenetic_factor,epigenetic,,,52,0.8666666666666667
epigenetic_to_microbiome_t_53,epigenetic_to_microbiome_t_53,5,10,262,epigenetic,generation-conditioned coherent Gaussian-copula CMI from one joint covariance,0.0,0.0473113590398478,0.0477746742629744,0.0011966988966201,"lineage-cluster bootstrap, centered standard-error interval",0.0449658723021335,0.0496568457775622,0.0003960864319668,0.046915272607881,0.0019960079840319,0.000176772208501,0.0006848180658763,0.0,500.0,level- and time-specific transfer entropy from the epigenetic segment to microbiome full-series time 53,epigenetic,microbiome,53,0.8833333333333333,61.0,False,epigenetic_factor,epigenetic,,,53,0.8833333333333333
epigenetic_to_microbiome_t_54,epigenetic_to_microbiome_t_54,5,10,262,epigenetic,generation-conditioned coherent Gaussian-copula CMI from one joint covariance,0.0,0.0475908497606222,0.0479761991939845,0.0011811466824215,"lineage-cluster bootstrap, centered standard-error interval",0.0452758448026171,0.0499058547186274,0.0003940492002797,0.0471968005603425,0.0019960079840319,0.0001986022661914,0.0006366818399502,0.0,500.0,level- and time-specific transfer entropy from the epigenetic segment to microbiome full-series time 54,epigenetic,microbiome,54,0.9,61.0,False,epigenetic_factor,epigenetic,,,54,0.9
epigenetic_to_microbiome_t_55,epigenetic_to_microbiome_t_55,5,10,262,epigenetic,generation-conditioned coherent Gaussian-copula CMI from one joint covariance,0.0,0.0477392307958998,0.048180234402691,0.0012682191012706,"lineage-cluster bootstrap, centered standard-error interval",0.0452535670329035,0.0502248945588961,0.0003928129488716,0.0473464178470281,0.0019960079840319,0.0002012089653203,0.0006982002697853,0.0,500.0,level- and time-specific transfer entropy from the epigenetic segment to microbiome full-series time 55,epigenetic,microbiome,55,0.9166666666666666,61.0,False,epigenetic_factor,epigenetic,,,55,0.9166666666666666
epigenetic_to_microbiome_t_56,epigenetic_to_microbiome_t_56,5,10,262,epigenetic,generation-conditioned coherent Gaussian-copula CMI from one joint covariance,0.0,0.0478775356145828,0.0482490277640702,0.0012249109829731,"lineage-cluster bootstrap, centered standard-error interval",0.0454767542036879,0.0502783170254777,0.0003966974121705,0.0474808382024123,0.0019960079840319,0.0001956553954531,0.0006901881066672,0.0,500.0,level- and time-specific transfer entropy from the epigenetic segment to microbiome full-series time 56,epigenetic,microbiome,56,0.9333333333333332,61.0,False,epigenetic_factor,epigenetic,,,56,0.9333333333333332
epigenetic_to_microbiome_t_57,epigenetic_to_microbiome_t_57,5,10,262,epigenetic,generation-conditioned coherent Gaussian-copula CMI from one joint covariance,0.0,0.0481181194060025,0.0485579503745509,0.0011664037738673,"lineage-cluster bootstrap, centered standard-error interval",0.0458320100177909,0.0504042287942142,0.0003870653885372,0.0477310540174653,0.0019960079840319,0.0002096690123116,0.0007401691728981,0.0,500.0,level- and time-specific transfer entropy from the epigenetic segment to microbiome full-series time 57,epigenetic,microbiome,57,0.95,61.0,False,epigenetic_factor,epigenetic,,,57,0.95
epigenetic_to_microbiome_t_58,epigenetic_to_microbiome_t_58,5,10,262,epigenetic,generation-conditioned coherent Gaussian-copula CMI from one joint covariance,0.0,0.0482743518764814,0.048625379192452,0.0011609014948452,"lineage-cluster bootstrap, centered standard-error interval",0.0459990267569861,0.0505496769959768,0.0003983521349894,0.047875999741492,0.0019960079840319,0.0001958607189775,0.0007855898450843,0.0,500.0,level- and time-specific transfer entropy from the epigenetic segment to microbiome full-series time 58,epigenetic,microbiome,58,0.9666666666666668,61.0,False,epigenetic_factor,epigenetic,,,58,0.9666666666666668
epigenetic_to_microbiome_t_59,epigenetic_to_microbiome_t_59,5,10,262,epigenetic,generation-conditioned coherent Gaussian-copula CMI from one joint covariance,0.0,0.0483773042245843,0.0488647320449584,0.0012463746836356,"lineage-cluster bootstrap, centered standard-error interval",0.0459344547334159,0.0508201537157527,0.0003908125172606,0.0479864917073237,0.0019960079840319,0.0002071855762832,0.0006698410037815,0.0,500.0,level- and time-specific transfer entropy from the epigenetic segment to microbiome full-series time 59,epigenetic,microbiome,59,0.9833333333333332,61.0,False,epigenetic_factor,epigenetic,,,59,0.9833333333333332
epigenetic_to_microbiome_t_60,epigenetic_to_microbiome_t_60,5,10,262,epigenetic,generation-conditioned coherent Gaussian-copula CMI from one joint covariance,0.0,0.0485166865225836,0.0489202330526727,0.0011429166266407,"lineage-cluster bootstrap, centered standard-error interval",0.0462766110970357,0.0507567619481316,0.0003963322408445,0.0481203542817391,0.0019960079840319,0.0002237407468408,0.0007213794539818,0.0,500.0,level- and time-specific transfer entropy from the epigenetic segment to microbiome full-series time 60,epigenetic,microbiome,60,1.0,61.0,False,epigenetic_factor,epigenetic,,,60,1.0
epigenetic_to_life_history_t_0,epigenetic_to_life_history_t_0,3,10,262,epigenetic,generation-conditioned coherent Gaussian-copula CMI from one joint covariance,0.0,0.0343272427409099,0.0345567306783823,0.0010316164049642,"lineage-cluster bootstrap, centered standard-error interval",0.0323053117413192,0.0363491737405005,0.0002381930568814,0.0340890496840285,0.0019960079840319,9.239520483659868e-05,0.0004641562227514,0.0,500.0,level- and time-specific transfer entropy from the epigenetic segment to life_history full-series time 0,epigenetic,life_history,0,0.0,41.0,False,epigenetic_factor,epigenetic,,,0,0.0
epigenetic_to_life_history_t_1,epigenetic_to_life_history_t_1,3,10,262,epigenetic,generation-conditioned coherent Gaussian-copula CMI from one joint covariance,0.0,0.0428688750771707,0.0431939275769949,0.0011071702240623,"lineage-cluster bootstrap, centered standard-error interval",0.0406988613132534,0.045038888841088,0.0002326072585527,0.042636267818618,0.0019960079840319,8.872339046438557e-05,0.000441333155827,0.0,500.0,level- and time-specific transfer entropy from the epigenetic segment to life_history full-series time 1,epigenetic,life_history,1,0.025,41.0,False,epigenetic_factor,epigenetic,,,1,0.025
epigenetic_to_life_history_t_2,epigenetic_to_life_history_t_2,3,10,262,epigenetic,generation-conditioned coherent Gaussian-copula CMI from one joint covariance,0.0,0.0517908825508308,0.052118450035718,0.0011722096173327,"lineage-cluster bootstrap, centered standard-error interval",0.0494933939185272,0.0540883711831345,0.000237034132295,0.0515538484185358,0.0019960079840319,9.79248584904613e-05,0.0004346227475769,0.0,500.0,level- and time-specific transfer entropy from the epigenetic segment to life_history full-series time 2,epigenetic,life_history,2,0.05,41.0,False,epigenetic_factor,epigenetic,,,2,0.05
epigenetic_to_life_history_t_3,epigenetic_to_life_history_t_3,3,10,262,epigenetic,generation-conditioned coherent Gaussian-copula CMI from one joint covariance,0.0,0.0607082131573849,0.0609867824554232,0.0013514460751354,"lineage-cluster bootstrap, centered standard-error interval",0.0580594275230714,0.0633569987916984,0.0002355281898962,0.0604726849674886,0.0019960079840319,0.0001017547890898,0.0004666283870496,0.0,500.0,level- and time-specific transfer entropy from the epigenetic segment to life_history full-series time 3,epigenetic,life_history,3,0.075,41.0,False,epigenetic_factor,epigenetic,,,3,0.075
epigenetic_to_life_history_t_4,epigenetic_to_life_history_t_4,3,10,262,epigenetic,generation-conditioned coherent Gaussian-copula CMI from one joint covariance,0.0,0.0695236120071925,0.0697475394511645,0.0014714617045434,"lineage-cluster bootstrap, centered standard-error interval",0.0666396000616575,0.0724076239527276,0.0002371070536612,0.0692865049535313,0.0019960079840319,7.422506087358084e-05,0.0004766817398973,0.0,500.0,level- and time-specific transfer entropy from the epigenetic segment to life_history full-series time 4,epigenetic,life_history,4,0.1,41.0,False,epigenetic_factor,epigenetic,,,4,0.1
epigenetic_to_life_history_t_5,epigenetic_to_life_history_t_5,3,10,262,epigenetic,generation-conditioned coherent Gaussian-copula CMI from one joint covariance,0.0,0.0769741103991045,0.0774050209258884,0.001458217991763,"lineage-cluster bootstrap, centered standard-error interval",0.0741160556536405,0.0798321651445685,0.0002372823236553,0.0767368280754491,0.0019960079840319,8.985526885758031e-05,0.0004581141706005,0.0,500.0,level- and time-specific transfer entropy from the epigenetic segment to life_history full-series time 5,epigenetic,life_history,5,0.125,41.0,False,epigenetic_factor,epigenetic,,,5,0.125
epigenetic_to_life_history_t_6,epigenetic_to_life_history_t_6,3,10,262,epigenetic,generation-conditioned coherent Gaussian-copula CMI from one joint covariance,0.0,0.0834597290402359,0.0836799211116618,0.0015612967781017,"lineage-cluster bootstrap, centered standard-error interval",0.080399643585978,0.0865198144944937,0.0002336291844405,0.0832260998557953,0.0019960079840319,9.695329838028884e-05,0.0004556952619199,0.0,500.0,level- and time-specific transfer entropy from the epigenetic segment to life_history full-series time 6,epigenetic,life_history,6,0.15,41.0,False,epigenetic_factor,epigenetic,,,6,0.15
epigenetic_to_life_history_t_7,epigenetic_to_life_history_t_7,3,10,262,epigenetic,generation-conditioned coherent Gaussian-copula CMI from one joint covariance,0.0,0.0885196088263686,0.0886389793490506,0.0015479518648703,"lineage-cluster bootstrap, centered standard-error interval",0.0854856789214211,0.0915535387313161,0.0002331439800339,0.0882864648463346,0.0019960079840319,0.0001032347035248,0.0004718380767493,0.0,500.0,level- and time-specific transfer entropy from the epigenetic segment to life_history full-series time 7,epigenetic,life_history,7,0.175,41.0,False,epigenetic_factor,epigenetic,,,7,0.175
epigenetic_to_life_history_t_8,epigenetic_to_life_history_t_8,3,10,262,epigenetic,generation-conditioned coherent Gaussian-copula CMI from one joint covariance,0.0,0.0927346093840145,0.0929601334882545,0.0016097798218269,"lineage-cluster bootstrap, centered standard-error interval",0.0895794989101943,0.0958897198578347,0.0002360319816568,0.0924985774023576,0.0019960079840319,7.926050935814255e-05,0.0004720855894469,0.0,500.0,level- and time-specific transfer entropy from the epigenetic segment to life_history full-series time 8,epigenetic,life_history,8,0.2,41.0,False,epigenetic_factor,epigenetic,,,8,0.2
epigenetic_to_life_history_t_9,epigenetic_to_life_history_t_9,3,10,262,epigenetic,generation-conditioned coherent Gaussian-copula CMI from one joint covariance,0.0,0.0957973816223258,0.0960205621173958,0.0016728056396003,"lineage-cluster bootstrap, centered standard-error interval",0.0925187428155737,0.099076020429078,0.0002359420683625,0.0955614395539633,0.0019960079840319,9.687954533321396e-05,0.0004572239503097,0.0,500.0,level- and time-specific transfer entropy from the epigenetic segment to life_history full-series time 9,epigenetic,life_history,9,0.225,41.0,False,epigenetic_factor,epigenetic,,,9,0.225
epigenetic_to_life_history_t_10,epigenetic_to_life_history_t_10,3,10,262,epigenetic,generation-conditioned coherent Gaussian-copula CMI from one joint covariance,0.0,0.0974427536055133,0.0976588111421672,0.0015978856479762,"lineage-cluster bootstrap, centered standard-error interval",0.0943109552840664,0.1005745519269603,0.0002361627876451,0.0972065908178682,0.0019960079840319,9.279481838751584e-05,0.0005192293049073,0.0,500.0,level- and time-specific transfer entropy from the epigenetic segment to life_history full-series time 10,epigenetic,life_history,10,0.25,41.0,False,epigenetic_factor,epigenetic,,,10,0.25
epigenetic_to_life_history_t_11,epigenetic_to_life_history_t_11,3,10,262,epigenetic,generation-conditioned coherent Gaussian-copula CMI from one joint covariance,0.0,0.0981893996090923,0.0984891960154025,0.0016363315808085,"lineage-cluster bootstrap, centered standard-error interval",0.0949822486439419,0.1013965505742426,0.0002368671128714,0.0979525324962208,0.0019960079840319,9.663135717651536e-05,0.0005350811524791,0.0,500.0,level- and time-specific transfer entropy from the epigenetic segment to life_history full-series time 11,epigenetic,life_history,11,0.275,41.0,False,epigenetic_factor,epigenetic,,,11,0.275
epigenetic_to_life_history_t_12,epigenetic_to_life_history_t_12,3,10,262,epigenetic,generation-conditioned coherent Gaussian-copula CMI from one joint covariance,0.0,0.0987455719158332,0.0990513118953927,0.001675430626917,"lineage-cluster bootstrap, centered standard-error interval",0.0954617882284804,0.1020293556031859,0.0002359488814986,0.0985096230343345,0.0019960079840319,9.923677458377833e-05,0.0005410803290856,0.0,500.0,level- and time-specific transfer entropy from the epigenetic segment to life_history full-series time 12,epigenetic,life_history,12,0.3,41.0,False,epigenetic_factor,epigenetic,,,12,0.3
epigenetic_to_life_history_t_13,epigenetic_to_life_history_t_13,3,10,262,epigenetic,generation-conditioned coherent Gaussian-copula CMI from one joint covariance,0.0,0.0983553231613697,0.0986447993350024,0.0017216385757242,"lineage-cluster bootstrap, centered standard-error interval",0.0949809735585553,0.1017296727641841,0.0002361968596998,0.0981191263016698,0.0019960079840319,9.194459349687496e-05,0.000438244196445,0.0,500.0,level- and time-specific transfer entropy from the epigenetic segment to life_history full-series time 13,epigenetic,life_history,13,0.325,41.0,False,epigenetic_factor,epigenetic,,,13,0.325
epigenetic_to_life_history_t_14,epigenetic_to_life_history_t_14,3,10,262,epigenetic,generation-conditioned coherent Gaussian-copula CMI from one joint covariance,0.0,0.0973434421376384,0.097586136795661,0.0016643198712056,"lineage-cluster bootstrap, centered standard-error interval",0.094081435131321,0.1006054491439558,0.0002355988184554,0.0971078433191829,0.0019960079840319,6.150687310241817e-05,0.0004507948413581,0.0,500.0,level- and time-specific transfer entropy from the epigenetic segment to life_history full-series time 14,epigenetic,life_history,14,0.35,41.0,False,epigenetic_factor,epigenetic,,,14,0.35
epigenetic_to_life_history_t_15,epigenetic_to_life_history_t_15,3,10,262,epigenetic,generation-conditioned coherent Gaussian-copula CMI from one joint covariance,0.0,0.0960502370988688,0.0963188583848801,0.0016309263845629,"lineage-cluster bootstrap, centered standard-error interval",0.0928536801236894,0.0992467940740482,0.0002339905674814,0.0958162465313873,0.0019960079840319,9.086013956248048e-05,0.0004682128665229,0.0,500.0,level- and time-specific transfer entropy from the epigenetic segment to life_history full-series time 15,epigenetic,life_history,15,0.375,41.0,False,epigenetic_factor,epigenetic,,,15,0.375
epigenetic_to_life_history_t_16,epigenetic_to_life_history_t_16,3,10,262,epigenetic,generation-conditioned coherent Gaussian-copula CMI from one joint covariance,0.0,0.0954664455366415,0.0957025087705844,0.0017593124136027,"lineage-cluster bootstrap, centered standard-error interval",0.0920182565684258,0.0989146345048572,0.0002350630690205,0.095231382467621,0.0019960079840319,8.055455399116272e-05,0.0004965368955451,0.0,500.0,level- and time-specific transfer entropy from the epigenetic segment to life_history full-series time 16,epigenetic,life_history,16,0.4,41.0,False,epigenetic_factor,epigenetic,,,16,0.4
epigenetic_to_life_history_t_17,epigenetic_to_life_history_t_17,3,10,262,epigenetic,generation-conditioned coherent Gaussian-copula CMI from one joint covariance,0.0,0.0941492472526151,0.0944622291854519,0.0016239443206408,"lineage-cluster bootstrap, centered standard-error interval",0.0909663748712606,0.0973321196339696,0.0002342861399246,0.0939149611126904,0.0019960079840319,7.185034824374546e-05,0.0004389649415528,0.0,500.0,level- and time-specific transfer entropy from the epigenetic segment to life_history full-series time 17,epigenetic,life_history,17,0.425,41.0,False,epigenetic_factor,epigenetic,,,17,0.425
epigenetic_to_life_history_t_18,epigenetic_to_life_history_t_18,3,10,262,epigenetic,generation-conditioned coherent Gaussian-copula CMI from one joint covariance,0.0,0.093265137552815,0.0934479212697818,0.0016091128864879,"lineage-cluster bootstrap, centered standard-error interval",0.0901113342482393,0.0964189408573907,0.0002341836978679,0.093030953854947,0.0019960079840319,7.551648966540024e-05,0.0004696671020528,0.0,500.0,level- and time-specific transfer entropy from the epigenetic segment to life_history full-series time 18,epigenetic,life_history,18,0.45,41.0,False,epigenetic_factor,epigenetic,,,18,0.45
epigenetic_to_life_history_t_19,epigenetic_to_life_history_t_19,3,10,262,epigenetic,generation-conditioned coherent Gaussian-copula CMI from one joint covariance,0.0,0.0921356449560136,0.0922856034872902,0.001614607978911,"lineage-cluster bootstrap, centered standard-error interval",0.0889710714681969,0.0953002184438302,0.0002374539529735,0.0918981910030401,0.0019960079840319,8.244497350423626e-05,0.0004048290561122,0.0,500.0,level- and time-specific transfer entropy from the epigenetic segment to life_history full-series time 19,epigenetic,life_history,19,0.475,41.0,False,epigenetic_factor,epigenetic,,,19,0.475
epigenetic_to_life_history_t_20,epigenetic_to_life_history_t_20,3,10,262,epigenetic,generation-conditioned coherent Gaussian-copula CMI from one joint covariance,0.0,0.0914221273128291,0.0916496954442793,0.0015746817080182,"lineage-cluster bootstrap, centered standard-error interval",0.0883358078779993,0.0945084467476589,0.0002373634575706,0.0911847638552585,0.0019960079840319,9.490483026825128e-05,0.0004490163584598,0.0,500.0,level- and time-specific transfer entropy from the epigenetic segment to life_history full-series time 20,epigenetic,life_history,20,0.5,41.0,True,epigenetic_factor,epigenetic,,,20,0.5
epigenetic_to_life_history_t_21,epigenetic_to_life_history_t_21,3,10,262,epigenetic,generation-conditioned coherent Gaussian-copula CMI from one joint covariance,0.0,0.0903115590291228,0.0905679245555107,0.0016890875680479,"lineage-cluster bootstrap, centered standard-error interval",0.0870010082290144,0.0936221098292311,0.0002325204854286,0.0900790385436941,0.0019960079840319,0.0001020543839744,0.0004862793099217,0.0,500.0,level- and time-specific transfer entropy from the epigenetic segment to life_history full-series time 21,epigenetic,life_history,21,0.525,41.0,True,epigenetic_factor,epigenetic,,,21,0.525
epigenetic_to_life_history_t_22,epigenetic_to_life_history_t_22,3,10,262,epigenetic,generation-conditioned coherent Gaussian-copula CMI from one joint covariance,0.0,0.0898860467328903,0.0901361672139317,0.0016406682969315,"lineage-cluster bootstrap, centered standard-error interval",0.0866703959603278,0.0931016975054528,0.0002295901329533,0.0896564565999369,0.0019960079840319,9.914488289782244e-05,0.000431704423705,0.0,500.0,level- and time-specific transfer entropy from the epigenetic segment to life_history full-series time 22,epigenetic,life_history,22,0.55,41.0,True,epigenetic_factor,epigenetic,,,22,0.55
epigenetic_to_life_history_t_23,epigenetic_to_life_history_t_23,3,10,262,epigenetic,generation-conditioned coherent Gaussian-copula CMI from one joint covariance,0.0,0.0901531107094596,0.0903641086626301,0.0016323575375172,"lineage-cluster bootstrap, centered standard-error interval",0.0869537487260334,0.0933524726928858,0.0002342784012547,0.0899188323082049,0.0019960079840319,9.959057008665171e-05,0.0004973271175331,0.0,500.0,level- and time-specific transfer entropy from the epigenetic segment to life_history full-series time 23,epigenetic,life_history,23,0.5750000000000001,41.0,True,epigenetic_factor,epigenetic,,,23,0.5750000000000001
epigenetic_to_life_history_t_24,epigenetic_to_life_history_t_24,3,10,262,epigenetic,generation-conditioned coherent Gaussian-copula CMI from one joint covariance,0.0,0.0901125198335877,0.090305960505034,0.0015985318848076,"lineage-cluster bootstrap, centered standard-error interval",0.0869794549112257,0.0932455847559497,0.0002346082603461,0.0898779115732415,0.0019960079840319,6.499465498377264e-05,0.0004519251285043,0.0,500.0,level- and time-specific transfer entropy from the epigenetic segment to life_history full-series time 24,epigenetic,life_history,24,0.6000000000000001,41.0,True,epigenetic_factor,epigenetic,,,24,0.6000000000000001
epigenetic_to_life_history_t_25,epigenetic_to_life_history_t_25,3,10,262,epigenetic,generation-conditioned coherent Gaussian-copula CMI from one joint covariance,0.0,0.0900826760123576,0.0903294514996848,0.0017433043666956,"lineage-cluster bootstrap, centered standard-error interval",0.0866658622395427,0.0934994897851725,0.0002334761264173,0.0898491998859403,0.0019960079840319,8.127905778185166e-05,0.0004092681305419,0.0,500.0,level- and time-specific transfer entropy from the epigenetic segment to life_history full-series time 25,epigenetic,life_history,25,0.625,41.0,False,epigenetic_factor,epigenetic,,,25,0.625
epigenetic_to_life_history_t_26,epigenetic_to_life_history_t_26,3,10,262,epigenetic,generation-conditioned coherent Gaussian-copula CMI from one joint covariance,0.0,0.0905500421447254,0.090805734764526,0.0016217623670835,"lineage-cluster bootstrap, centered standard-error interval",0.0873714463137592,0.0937286379756916,0.0002334852484058,0.0903165568963195,0.0019960079840319,8.852369177509998e-05,0.0004967992659603,0.0,500.0,level- and time-specific transfer entropy from the epigenetic segment to life_history full-series time 26,epigenetic,life_history,26,0.65,41.0,False,epigenetic_factor,epigenetic,,,26,0.65
epigenetic_to_life_history_t_27,epigenetic_to_life_history_t_27,3,10,262,epigenetic,generation-conditioned coherent Gaussian-copula CMI from one joint covariance,0.0,0.0916611194263583,0.0917726183224279,0.0015472951991794,"lineage-cluster bootstrap, centered standard-error interval",0.0886284765625148,0.0946937622902019,0.0002366066258332,0.0914245128005251,0.0019960079840319,0.0001006306164826,0.0005832706323673,0.0,500.0,level- and time-specific transfer entropy from the epigenetic segment to life_history full-series time 27,epigenetic,life_history,27,0.675,41.0,False,epigenetic_factor,epigenetic,,,27,0.675
epigenetic_to_life_history_t_28,epigenetic_to_life_history_t_28,3,10,262,epigenetic,generation-conditioned coherent Gaussian-copula CMI from one joint covariance,0.0,0.0926797485110304,0.0930085818639787,0.0017181539619696,"lineage-cluster bootstrap, centered standard-error interval",0.0893122286256752,0.0960472683963857,0.0002325967704293,0.0924471517406011,0.0019960079840319,0.0001100305429466,0.0005192824690606,0.0,500.0,level- and time-specific transfer entropy from the epigenetic segment to life_history full-series time 28,epigenetic,life_history,28,0.7000000000000001,41.0,False,epigenetic_factor,epigenetic,,,28,0.7000000000000001
epigenetic_to_life_history_t_29,epigenetic_to_life_history_t_29,3,10,262,epigenetic,generation-conditioned coherent Gaussian-copula CMI from one joint covariance,0.0,0.0931700755126843,0.0933763639181814,0.0016972152062557,"lineage-cluster bootstrap, centered standard-error interval",0.0898435948344094,0.0964965561909593,0.0002328062821187,0.0929372692305656,0.0019960079840319,8.710795856410294e-05,0.0004608101936743,0.0,500.0,level- and time-specific transfer entropy from the epigenetic segment to life_history full-series time 29,epigenetic,life_history,29,0.7250000000000001,41.0,False,epigenetic_factor,epigenetic,,,29,0.7250000000000001
epigenetic_to_life_history_t_30,epigenetic_to_life_history_t_30,3,10,262,epigenetic,generation-conditioned coherent Gaussian-copula CMI from one joint covariance,0.0,0.0938487292616686,0.0941616128505748,0.001562298638829,"lineage-cluster bootstrap, centered standard-error interval",0.0907866801964677,0.0969107783268694,0.0002379460451969,0.0936107832164716,0.0019960079840319,8.180106255800324e-05,0.0004858217866153,0.0,500.0,level- and time-specific transfer entropy from the epigenetic segment to life_history full-series time 30,epigenetic,life_history,30,0.75,41.0,False,epigenetic_factor,epigenetic,,,30,0.75
epigenetic_to_life_history_t_31,epigenetic_to_life_history_t_31,3,10,262,epigenetic,generation-conditioned coherent Gaussian-copula CMI from one joint covariance,0.0,0.0951549039384485,0.0955248540071011,0.0017890807756789,"lineage-cluster bootstrap, centered standard-error interval",0.0916483700526849,0.0986614378242122,0.0002378858526192,0.0949170180858293,0.0019960079840319,8.795254085985502e-05,0.0004338086995584,0.0,500.0,level- and time-specific transfer entropy from the epigenetic segment to life_history full-series time 31,epigenetic,life_history,31,0.775,41.0,False,epigenetic_factor,epigenetic,,,31,0.775
epigenetic_to_life_history_t_32,epigenetic_to_life_history_t_32,3,10,262,epigenetic,generation-conditioned coherent Gaussian-copula CMI from one joint covariance,0.0,0.0959451892481238,0.0959781042386593,0.0017957496851524,"lineage-cluster bootstrap, centered standard-error interval",0.092425584539976,0.0994647939562717,0.0002338093948458,0.095711379853278,0.0019960079840319,9.663017531715474e-05,0.0004292452246067,0.0,500.0,level- and time-specific transfer entropy from the epigenetic segment to life_history full-series time 32,epigenetic,life_history,32,0.8,41.0,False,epigenetic_factor,epigenetic,,,32,0.8
epigenetic_to_life_history_t_33,epigenetic_to_life_history_t_33,3,10,262,epigenetic,generation-conditioned coherent Gaussian-copula CMI from one joint covariance,0.0,0.0969257038150354,0.0971567463029751,0.0016829459849969,"lineage-cluster bootstrap, centered standard-error interval",0.0936271902965151,0.1002242173335557,0.0002319858462639,0.0966937179687714,0.0019960079840319,8.15077424503358e-05,0.0004866595768627,0.0,500.0,level- and time-specific transfer entropy from the epigenetic segment to life_history full-series time 33,epigenetic,life_history,33,0.8250000000000001,41.0,False,epigenetic_factor,epigenetic,,,33,0.8250000000000001
epigenetic_to_life_history_t_34,epigenetic_to_life_history_t_34,3,10,262,epigenetic,generation-conditioned coherent Gaussian-copula CMI from one joint covariance,0.0,0.0984933888854628,0.0986391600018151,0.0017491352444778,"lineage-cluster bootstrap, centered standard-error interval",0.0950651468021964,0.1019216309687292,0.0002374600477939,0.0982559288376689,0.0019960079840319,9.587070127747031e-05,0.000455788914837,0.0,500.0,level- and time-specific transfer entropy from the epigenetic segment to life_history full-series time 34,epigenetic,life_history,34,0.8500000000000001,41.0,False,epigenetic_factor,epigenetic,,,34,0.8500000000000001
epigenetic_to_life_history_t_35,epigenetic_to_life_history_t_35,3,10,262,epigenetic,generation-conditioned coherent Gaussian-copula CMI from one joint covariance,0.0,0.0992064006452149,0.0995576710237123,0.0017258183290199,"lineage-cluster bootstrap, centered standard-error interval",0.0958238588764767,0.1025889424139531,0.0002310137065634,0.0989753869386515,0.0019960079840319,7.503493323846336e-05,0.0004263999355531,0.0,500.0,level- and time-specific transfer entropy from the epigenetic segment to life_history full-series time 35,epigenetic,life_history,35,0.875,41.0,False,epigenetic_factor,epigenetic,,,35,0.875
epigenetic_to_life_history_t_36,epigenetic_to_life_history_t_36,3,10,262,epigenetic,generation-conditioned coherent Gaussian-copula CMI from one joint covariance,0.0,0.0993433191547385,0.0995560058753297,0.001784588696383,"lineage-cluster bootstrap, centered standard-error interval",0.0958455895826104,0.1028410487268666,0.0002368580136844,0.0991064611410541,0.0019960079840319,7.19849463383802e-05,0.0004294367919616,0.0,500.0,level- and time-specific transfer entropy from the epigenetic segment to life_history full-series time 36,epigenetic,life_history,36,0.9,41.0,False,epigenetic_factor,epigenetic,,,36,0.9
epigenetic_to_life_history_t_37,epigenetic_to_life_history_t_37,3,10,262,epigenetic,generation-conditioned coherent Gaussian-copula CMI from one joint covariance,0.0,0.0998196224227184,0.1000306032429664,0.0017907495918757,"lineage-cluster bootstrap, centered standard-error interval",0.0963098177173122,0.1033294271281246,0.000234603191705,0.0995850192310133,0.0019960079840319,9.500277930313226e-05,0.0004345782271345,0.0,500.0,level- and time-specific transfer entropy from the epigenetic segment to life_history full-series time 37,epigenetic,life_history,37,0.925,41.0,False,epigenetic_factor,epigenetic,,,37,0.925
epigenetic_to_life_history_t_38,epigenetic_to_life_history_t_38,3,10,262,epigenetic,generation-conditioned coherent Gaussian-copula CMI from one joint covariance,0.0,0.0996840651772123,0.099887705703955,0.0017996309972273,"lineage-cluster bootstrap, centered standard-error interval",0.0961568532371848,0.1032112771172398,0.0002363315746173,0.099447733602595,0.0019960079840319,8.369771533937176e-05,0.0004426015667513,0.0,500.0,level- and time-specific transfer entropy from the epigenetic segment to life_history full-series time 38,epigenetic,life_history,38,0.95,41.0,False,epigenetic_factor,epigenetic,,,38,0.95
epigenetic_to_life_history_t_39,epigenetic_to_life_history_t_39,3,10,262,epigenetic,generation-conditioned coherent Gaussian-copula CMI from one joint covariance,0.0,0.0989431330940588,0.0991064664686365,0.001717011367531,"lineage-cluster bootstrap, centered standard-error interval",0.0955778526526521,0.1023084135354654,0.000236405129609,0.0987067279644497,0.0019960079840319,8.380594059231676e-05,0.0005137180548977,0.0,500.0,level- and time-specific transfer entropy from the epigenetic segment to life_history full-series time 39,epigenetic,life_history,39,0.975,41.0,False,epigenetic_factor,epigenetic,,,39,0.975
epigenetic_to_life_history_t_40,epigenetic_to_life_history_t_40,3,10,262,epigenetic,generation-conditioned coherent Gaussian-copula CMI from one joint covariance,0.0,0.0976290023841386,0.0978930318174313,0.0016867860749211,"lineage-cluster bootstrap, centered standard-error interval",0.0943229624276695,0.1009350423406078,0.0002355837637276,0.0973934186204109,0.0019960079840319,7.977917787066279e-05,0.0004417420246281,0.0,500.0,level- and time-specific transfer entropy from the epigenetic segment to life_history full-series time 40,epigenetic,life_history,40,1.0,41.0,False,epigenetic_factor,epigenetic,,,40,1.0
epigenetic_to_ecological_t_0,epigenetic_to_ecological_t_0,3,10,262,epigenetic,generation-conditioned coherent Gaussian-copula CMI from one joint covariance,0.0,0.0003272910640436,0.0005652426354295,0.0001209079597796,"lineage-cluster bootstrap, centered standard-error interval",9.031581743128913e-05,0.0005642663106559,0.0002362945545443,9.0996509499295e-05,0.0798403193612774,9.2717324238019e-05,0.0004827012326116,0.0,500.0,level- and time-specific transfer entropy from the epigenetic segment to ecological full-series time 0,epigenetic,ecological,0,0.0,33.0,False,epigenetic_factor,epigenetic,,,0,0.0
epigenetic_to_ecological_t_1,epigenetic_to_ecological_t_1,3,10,262,epigenetic,generation-conditioned coherent Gaussian-copula CMI from one joint covariance,0.0,0.0003548694800142,0.0005865257205443,0.0001244918709906,"lineage-cluster bootstrap, centered standard-error interval",0.0001108698965045,0.0005988690635239,0.0002352847409396,0.0001195847390745,0.0499001996007984,0.0001075433163779,0.0005088429832599,0.0,500.0,level- and time-specific transfer entropy from the epigenetic segment to ecological full-series time 1,epigenetic,ecological,1,0.03125,33.0,False,epigenetic_factor,epigenetic,,,1,0.03125
epigenetic_to_ecological_t_2,epigenetic_to_ecological_t_2,3,10,262,epigenetic,generation-conditioned coherent Gaussian-copula CMI from one joint covariance,0.0,0.0003698818529309,0.0006016730037908,0.0001206934624862,"lineage-cluster bootstrap, centered standard-error interval",0.0001333270132884,0.0006064366925734,0.0002375990875438,0.000132282765387,0.0279441117764471,0.0001026039800527,0.000459321412293,0.0,500.0,level- and time-specific transfer entropy from the epigenetic segment to ecological full-series time 2,epigenetic,ecological,2,0.0625,33.0,False,epigenetic_factor,epigenetic,,,2,0.0625
epigenetic_to_ecological_t_3,epigenetic_to_ecological_t_3,3,10,262,epigenetic,generation-conditioned coherent Gaussian-copula CMI from one joint covariance,0.0,0.0003730427154452,0.000610915233313,0.0001338409497558,"lineage-cluster bootstrap, centered standard-error interval",0.0001107192742672,0.0006353661566233,0.0002344932954526,0.0001385494199926,0.0139720558882235,9.133033208760646e-05,0.0004618578474189,0.0,500.0,level- and time-specific transfer entropy from the epigenetic segment to ecological full-series time 3,epigenetic,ecological,3,0.09375,33.0,False,epigenetic_factor,epigenetic,,,3,0.09375
epigenetic_to_ecological_t_4,epigenetic_to_ecological_t_4,3,10,262,epigenetic,generation-conditioned coherent Gaussian-copula CMI from one joint covariance,0.0,0.0003917348859088,0.000622618164405,0.0001206476886151,"lineage-cluster bootstrap, centered standard-error interval",0.0001552697614052,0.0006282000104124,0.0002383397318002,0.0001533951541085,0.0179640718562874,7.591889860316684e-05,0.0005051095073251,0.0,500.0,level- and time-specific transfer entropy from the epigenetic segment to ecological full-series time 4,epigenetic,ecological,4,0.125,33.0,False,epigenetic_factor,epigenetic,,,4,0.125
epigenetic_to_ecological_t_5,epigenetic_to_ecological_t_5,3,10,262,epigenetic,generation-conditioned coherent Gaussian-copula CMI from one joint covariance,0.0,0.0003595529263227,0.0005986093063461,0.000123291157853,"lineage-cluster bootstrap, centered standard-error interval",0.0001179066973185,0.0006011991553269,0.0002349743641932,0.0001245785621295,0.0479041916167664,9.81107732660415e-05,0.0005256714215567,0.0,500.0,level- and time-specific transfer entropy from the epigenetic segment to ecological full-series time 5,epigenetic,ecological,5,0.15625,33.0,False,epigenetic_factor,epigenetic,,,5,0.15625
epigenetic_to_ecological_t_6,epigenetic_to_ecological_t_6,3,10,262,epigenetic,generation-conditioned coherent Gaussian-copula CMI from one joint covariance,0.0,0.0003870183731553,0.0006097191850154,0.0001226724355459,"lineage-cluster bootstrap, centered standard-error interval",0.0001465848175894,0.0006274519287212,0.0002376424454622,0.0001493759276931,0.0219560878243512,0.0001073464497201,0.0004888975367373,0.0,500.0,level- and time-specific transfer entropy from the epigenetic segment to ecological full-series time 6,epigenetic,ecological,6,0.1875,33.0,False,epigenetic_factor,epigenetic,,,6,0.1875
epigenetic_to_ecological_t_7,epigenetic_to_ecological_t_7,3,10,262,epigenetic,generation-conditioned coherent Gaussian-copula CMI from one joint covariance,0.0,0.0003830316794869,0.0006263420297346,0.0001272174270335,"lineage-cluster bootstrap, centered standard-error interval",0.0001336901042952,0.0006323732546786,0.000233232117711,0.0001497995617758,0.0219560878243512,7.977240584753565e-05,0.0005026411513065,0.0,500.0,level- and time-specific transfer entropy from the epigenetic segment to ecological full-series time 7,epigenetic,ecological,7,0.21875,33.0,False,epigenetic_factor,epigenetic,,,7,0.21875
epigenetic_to_ecological_t_8,epigenetic_to_ecological_t_8,3,10,262,epigenetic,generation-conditioned coherent Gaussian-copula CMI from one joint covariance,0.0,0.0003824355555556,0.000611446520809,0.0001381599773005,"lineage-cluster bootstrap, centered standard-error interval",0.0001116469759416,0.0006532241351696,0.0002349779679318,0.0001474575876237,0.0259481037924151,7.578975436521952e-05,0.0004613656227258,0.0,500.0,level- and time-specific transfer entropy from the epigenetic segment to ecological full-series time 8,epigenetic,ecological,8,0.25,33.0,False,epigenetic_factor,epigenetic,,,8,0.25
epigenetic_to_ecological_t_9,epigenetic_to_ecological_t_9,3,10,262,epigenetic,generation-conditioned coherent Gaussian-copula CMI from one joint covariance,0.0,0.0003746903313592,0.00060944447523,0.0001285788740891,"lineage-cluster bootstrap, centered standard-error interval",0.0001226803689718,0.0006267002937466,0.000234765826524,0.0001399245048352,0.0199600798403193,9.473912232008322e-05,0.000425211142891,0.0,500.0,level- and time-specific transfer entropy from the epigenetic segment to ecological full-series time 9,epigenetic,ecological,9,0.28125,33.0,False,epigenetic_factor,epigenetic,,,9,0.28125
epigenetic_to_ecological_t_10,epigenetic_to_ecological_t_10,3,10,262,epigenetic,generation-conditioned coherent Gaussian-copula CMI from one joint covariance,0.0,0.0003880555315521,0.0006271321681772,0.0001249968174306,"lineage-cluster bootstrap, centered standard-error interval",0.0001430662712059,0.0006330447918984,0.0002362384848597,0.0001518170466924,0.0159680638722554,9.8169184714053e-05,0.0004878265483832,0.0,500.0,level- and time-specific transfer entropy from the epigenetic segment to ecological full-series time 10,epigenetic,ecological,10,0.3125,33.0,False,epigenetic_factor,epigenetic,,,10,0.3125
epigenetic_to_ecological_t_11,epigenetic_to_ecological_t_11,3,10,262,epigenetic,generation-conditioned coherent Gaussian-copula CMI from one joint covariance,0.0,0.0003855399347566,0.0006228470203006,0.0001286722066143,"lineage-cluster bootstrap, centered standard-error interval",0.0001333470439812,0.0006377328255321,0.0002396948988078,0.0001458450359488,0.0239520958083832,0.0001076323047062,0.0004679036191658,0.0,500.0,level- and time-specific transfer entropy from the epigenetic segment to ecological full-series time 11,epigenetic,ecological,11,0.34375,33.0,False,epigenetic_factor,epigenetic,,,11,0.34375
epigenetic_to_ecological_t_12,epigenetic_to_ecological_t_12,3,10,262,epigenetic,generation-conditioned coherent Gaussian-copula CMI from one joint covariance,0.0,0.0004162910277964,0.0006460334944657,0.0001274485462008,"lineage-cluster bootstrap, centered standard-error interval",0.0001664964673607,0.000666085588232,0.0002365839704547,0.0001797070573416,0.0159680638722554,9.677590503186323e-05,0.0004731352935049,0.0,500.0,level- and time-specific transfer entropy from the epigenetic segment to ecological full-series time 12,epigenetic,ecological,12,0.375,33.0,False,epigenetic_factor,epigenetic,,,12,0.375
epigenetic_to_ecological_t_13,epigenetic_to_ecological_t_13,3,10,262,epigenetic,generation-conditioned coherent Gaussian-copula CMI from one joint covariance,0.0,0.0004392263286135,0.0006746615845229,0.000133166336949,"lineage-cluster bootstrap, centered standard-error interval",0.0001782251042403,0.0007002275529867,0.0002353203364471,0.0002039059921663,0.0059880239520958,9.451973061762026e-05,0.0004557114512123,0.0,500.0,level- and time-specific transfer entropy from the epigenetic segment to ecological full-series time 13,epigenetic,ecological,13,0.40625,33.0,False,epigenetic_factor,epigenetic,,,13,0.40625
epigenetic_to_ecological_t_14,epigenetic_to_ecological_t_14,3,10,262,epigenetic,generation-conditioned coherent Gaussian-copula CMI from one joint covariance,0.0,0.0004807150229937,0.0007112383842555,0.0001395012525251,"lineage-cluster bootstrap, centered standard-error interval",0.0002072975922463,0.0007541324537412,0.0002365685918279,0.0002441464311657,0.0019960079840319,9.605689979719378e-05,0.000453271177476,0.0,500.0,level- and time-specific transfer entropy from the epigenetic segment to ecological full-series time 14,epigenetic,ecological,14,0.4375,33.0,False,epigenetic_factor,epigenetic,,,14,0.4375
epigenetic_to_ecological_t_15,epigenetic_to_ecological_t_15,3,10,262,epigenetic,generation-conditioned coherent Gaussian-copula CMI from one joint covariance,0.0,0.0005314980821546,0.0007674619442604,0.0001403510624861,"lineage-cluster bootstrap, centered standard-error interval",0.0002564150544899,0.0008065811098194,0.0002365469196911,0.0002949511624635,0.0019960079840319,8.406682104516612e-05,0.0004812218585254,0.0,500.0,level- and time-specific transfer entropy from the epigenetic segment to ecological full-series time 15,epigenetic,ecological,15,0.46875,33.0,False,epigenetic_factor,epigenetic,,,15,0.46875
epigenetic_to_ecological_t_16,epigenetic_to_ecological_t_16,3,10,262,epigenetic,generation-conditioned coherent Gaussian-copula CMI from one joint covariance,0.0,0.0005865690216256,0.0008233250739951,0.0001477538686775,"lineage-cluster bootstrap, centered standard-error interval",0.0002969767604412,0.0008761612828101,0.0002313514168543,0.0003552176047713,0.0019960079840319,6.835604003438846e-05,0.0004584999401619,0.0,500.0,level- and time-specific transfer entropy from the epigenetic segment to ecological full-series time 16,epigenetic,ecological,16,0.5,33.0,False,epigenetic_factor,epigenetic,,,16,0.5
epigenetic_to_ecological_t_17,epigenetic_to_ecological_t_17,3,10,262,epigenetic,generation-conditioned coherent Gaussian-copula CMI from one joint covariance,0.0,0.0006003227025347,0.0008251117264464,0.0001485305380316,"lineage-cluster bootstrap, centered standard-error interval",0.0003092081973883,0.0008914372076811,0.00023532124273,0.0003650014598046,0.0019960079840319,0.0001024378981084,0.000434683848914,0.0,500.0,level- and time-specific transfer entropy from the epigenetic segment to ecological full-series time 17,epigenetic,ecological,17,0.53125,33.0,False,epigenetic_factor,epigenetic,,,17,0.53125
epigenetic_to_ecological_t_18,epigenetic_to_ecological_t_18,3,10,262,epigenetic,generation-conditioned coherent Gaussian-copula CMI from one joint covariance,0.0,0.0006589275457404,0.000899686532957,0.0001512748160184,"lineage-cluster bootstrap, centered standard-error interval",0.0003624343545763,0.0009554207369044,0.0002321503162443,0.000426777229496,0.0019960079840319,8.358641809779375e-05,0.0004717661344352,0.0,500.0,level- and time-specific transfer entropy from the epigenetic segment to ecological full-series time 18,epigenetic,ecological,18,0.5625,33.0,False,epigenetic_factor,epigenetic,,,18,0.5625
epigenetic_to_ecological_t_19,epigenetic_to_ecological_t_19,3,10,262,epigenetic,generation-conditioned coherent Gaussian-copula CMI from one joint covariance,0.0,0.0006744852405033,0.0009077650475556,0.0001586864041746,"lineage-cluster bootstrap, centered standard-error interval",0.0003634656034848,0.0009855048775217,0.0002324255318762,0.000442059708627,0.0019960079840319,0.0001037016939253,0.0004566698039563,0.0,500.0,level- and time-specific transfer entropy from the epigenetic segment to ecological full-series time 19,epigenetic,ecological,19,0.59375,33.0,False,epigenetic_factor,epigenetic,,,19,0.59375
epigenetic_to_ecological_t_20,epigenetic_to_ecological_t_20,3,10,262,epigenetic,generation-conditioned coherent Gaussian-copula CMI from one joint covariance,0.0,0.0007359561717651,0.0009896409216404,0.0001717362966638,"lineage-cluster bootstrap, centered standard-error interval",0.0003993592154657,0.0010725531280646,0.0002361183862524,0.0004998377855127,0.0019960079840319,8.92030958054123e-05,0.0004242483691749,0.0,500.0,level- and time-specific transfer entropy from the epigenetic segment to ecological full-series time 20,epigenetic,ecological,20,0.625,33.0,True,epigenetic_factor,epigenetic,,,20,0.625
epigenetic_to_ecological_t_21,epigenetic_to_ecological_t_21,3,10,262,epigenetic,generation-conditioned coherent Gaussian-copula CMI from one joint covariance,0.0,0.000781149590092,0.0010212299606287,0.0001642235753097,"lineage-cluster bootstrap, centered standard-error interval",0.0004592772970725,0.0011030218831115,0.0002385485665983,0.0005426010234936,0.0019960079840319,0.0001127954809657,0.0004795242202737,0.0,500.0,level- and time-specific transfer entropy from the epigenetic segment to ecological full-series time 21,epigenetic,ecological,21,0.65625,33.0,True,epigenetic_factor,epigenetic,,,21,0.65625
epigenetic_to_ecological_t_22,epigenetic_to_ecological_t_22,3,10,262,epigenetic,generation-conditioned coherent Gaussian-copula CMI from one joint covariance,0.0,0.000805183842045,0.0010314497140135,0.0001648728775584,"lineage-cluster bootstrap, centered standard-error interval",0.000482038940003,0.0011283287440871,0.0002366834726589,0.0005685003693861,0.0019960079840319,9.628496493836852e-05,0.0004669443748441,0.0,500.0,level- and time-specific transfer entropy from the epigenetic segment to ecological full-series time 22,epigenetic,ecological,22,0.6875,33.0,True,epigenetic_factor,epigenetic,,,22,0.6875
epigenetic_to_ecological_t_23,epigenetic_to_ecological_t_23,3,10,262,epigenetic,generation-conditioned coherent Gaussian-copula CMI from one joint covariance,0.0,0.0008146328194294,0.0010475638981399,0.0001726412817256,"lineage-cluster bootstrap, centered standard-error interval",0.0004762621250024,0.0011530035138564,0.0002358173532169,0.0005788154662124,0.0019960079840319,9.088277764965824e-05,0.0004304421542387,0.0,500.0,level- and time-specific transfer entropy from the epigenetic segment to ecological full-series time 23,epigenetic,ecological,23,0.71875,33.0,True,epigenetic_factor,epigenetic,,,23,0.71875
epigenetic_to_ecological_t_24,epigenetic_to_ecological_t_24,3,10,262,epigenetic,generation-conditioned coherent Gaussian-copula CMI from one joint covariance,0.0,0.0009114771732004,0.0011394413487014,0.0001788833439524,"lineage-cluster bootstrap, centered standard-error interval",0.0005608722616195,0.0012620820847813,0.000237190717749,0.0006742864554513,0.0019960079840319,9.926629999180997e-05,0.0004736700659398,0.0,500.0,level- and time-specific transfer entropy from the epigenetic segment to ecological full-series time 24,epigenetic,ecological,24,0.75,33.0,True,epigenetic_factor,epigenetic,,,24,0.75
epigenetic_to_ecological_t_25,epigenetic_to_ecological_t_25,3,10,262,epigenetic,generation-conditioned coherent Gaussian-copula CMI from one joint covariance,0.0,0.0009438597828216,0.0011782542271851,0.0001834529425019,"lineage-cluster bootstrap, centered standard-error interval",0.0005842986226598,0.0013034209429834,0.0002343839129099,0.0007094758699117,0.0019960079840319,0.0001000436453072,0.0004783455278333,0.0,500.0,level- and time-specific transfer entropy from the epigenetic segment to ecological full-series time 25,epigenetic,ecological,25,0.78125,33.0,False,epigenetic_factor,epigenetic,,,25,0.78125
epigenetic_to_ecological_t_26,epigenetic_to_ecological_t_26,3,10,262,epigenetic,generation-conditioned coherent Gaussian-copula CMI from one joint covariance,0.0,0.0010015260374689,0.0012427303679933,0.0001878558573962,"lineage-cluster bootstrap, centered standard-error interval",0.0006333353226874,0.0013697167522504,0.0002312143846308,0.000770311652838,0.0019960079840319,9.89401945386008e-05,0.0004865682418528,0.0,500.0,level- and time-specific transfer entropy from the epigenetic segment to ecological full-series time 26,epigenetic,ecological,26,0.8125,33.0,False,epigenetic_factor,epigenetic,,,26,0.8125
epigenetic_to_ecological_t_27,epigenetic_to_ecological_t_27,3,10,262,epigenetic,generation-conditioned coherent Gaussian-copula CMI from one joint covariance,0.0,0.0010246806100958,0.0012723466546805,0.0002037800073689,"lineage-cluster bootstrap, centered standard-error interval",0.0006252791348832,0.0014240820853083,0.0002350776975282,0.0007896029125676,0.0019960079840319,0.0001099781429206,0.0004714597042943,0.0,500.0,level- and time-specific transfer entropy from the epigenetic segment to ecological full-series time 27,epigenetic,ecological,27,0.84375,33.0,False,epigenetic_factor,epigenetic,,,27,0.84375
epigenetic_to_ecological_t_28,epigenetic_to_ecological_t_28,3,10,262,epigenetic,generation-conditioned coherent Gaussian-copula CMI from one joint covariance,0.0,0.0011123054974171,0.0013403934172009,0.0001943118096049,"lineage-cluster bootstrap, centered standard-error interval",0.0007314613488206,0.0014931496460136,0.0002347633906245,0.0008775421067926,0.0019960079840319,9.932498547117554e-05,0.0004607376949609,0.0,500.0,level- and time-specific transfer entropy from the epigenetic segment to ecological full-series time 28,epigenetic,ecological,28,0.875,33.0,False,epigenetic_factor,epigenetic,,,28,0.875
epigenetic_to_ecological_t_29,epigenetic_to_ecological_t_29,3,10,262,epigenetic,generation-conditioned coherent Gaussian-copula CMI from one joint covariance,0.0,0.0011708920611869,0.0014212353755829,0.0002079661816972,"lineage-cluster bootstrap, centered standard-error interval",0.0007632858350579,0.0015784982873158,0.0002377089237137,0.0009331831374732,0.0019960079840319,0.0001049169713697,0.0004744937392862,0.0,500.0,level- and time-specific transfer entropy from the epigenetic segment to ecological full-series time 29,epigenetic,ecological,29,0.90625,33.0,False,epigenetic_factor,epigenetic,,,29,0.90625
epigenetic_to_ecological_t_30,epigenetic_to_ecological_t_30,3,10,262,epigenetic,generation-conditioned coherent Gaussian-copula CMI from one joint covariance,0.0,0.001273767391436,0.0015036707141754,0.0001971302060148,"lineage-cluster bootstrap, centered standard-error interval",0.000887399287382,0.00166013549549,0.0002387003958607,0.0010350669955752,0.0019960079840319,7.23067809346824e-05,0.0004466697425277,0.0,500.0,level- and time-specific transfer entropy from the epigenetic segment to ecological full-series time 30,epigenetic,ecological,30,0.9375,33.0,False,epigenetic_factor,epigenetic,,,30,0.9375
epigenetic_to_ecological_t_31,epigenetic_to_ecological_t_31,3,10,262,epigenetic,generation-conditioned coherent Gaussian-copula CMI from one joint covariance,0.0,0.001314989900589,0.0015491188022889,0.0002304173966429,"lineage-cluster bootstrap, centered standard-error interval",0.0008633801017574,0.0017665996994207,0.0002337511691755,0.0010812387314135,0.0019960079840319,7.764758892629972e-05,0.000431106929886,0.0,500.0,level- and time-specific transfer entropy from the epigenetic segment to ecological full-series time 31,epigenetic,ecological,31,0.96875,33.0,False,epigenetic_factor,epigenetic,,,31,0.96875
epigenetic_to_ecological_t_32,epigenetic_to_ecological_t_32,3,10,262,epigenetic,generation-conditioned coherent Gaussian-copula CMI from one joint covariance,0.0,0.0014054059147971,0.0016423840389702,0.0002222589195039,"lineage-cluster bootstrap, centered standard-error interval",0.0009697864373266,0.0018410253922676,0.0002377270874394,0.0011676788273576,0.0019960079840319,0.0001036752378484,0.0004547753544148,0.0,500.0,level- and time-specific transfer entropy from the epigenetic segment to ecological full-series time 32,epigenetic,ecological,32,1.0,33.0,False,epigenetic_factor,epigenetic,,,32,1.0
,,5,25,232,,,,0.1317586474631061,,0.0019495494280411,,0.1279376007980647,0.1355796941281475,0.0009789795998365,0.1307796678632695,0.0019960079840319,,,,,,,development,0,0.0,,,joint_epigenetic_ecological,epigenetic+ecological,500.0,500.0,0,0.0
,,5,25,232,,,,0.1325789225997488,,0.0019968715678016,,0.1286651262451055,0.1364927189543922,0.0009753363851458,0.1316035862146029,0.0019960079840319,,,,,,,development,1,0.0178571428571428,,,joint_epigenetic_ecological,epigenetic+ecological,500.0,500.0,1,0.0178571428571428
,,5,25,232,,,,0.1336795065949605,,0.0019995568189873,,0.1297604472447039,0.1375985659452172,0.0009804974087149,0.1326990091862456,0.0019960079840319,,,,,,,development,2,0.0357142857142857,,,joint_epigenetic_ecological,epigenetic+ecological,500.0,500.0,2,0.0357142857142857
,,5,25,232,,,,0.1344129586819021,,0.0020490719762408,,0.1303968514067397,0.1384290659570646,0.00097959922825,0.1334333594536521,0.0019960079840319,,,,,,,development,3,0.0535714285714285,,,joint_epigenetic_ecological,epigenetic+ecological,500.0,500.0,3,0.0535714285714285
,,5,25,232,,,,0.1356082911006008,,0.0019565930238238,,0.1317734392415038,0.1394431429596977,0.0009837287659705,0.1346245623346302,0.0019960079840319,,,,,,,development,4,0.0714285714285714,,,joint_epigenetic_ecological,epigenetic+ecological,500.0,500.0,4,0.0714285714285714
,,5,25,232,,,,0.1365789842047123,,0.0021230322834551,,0.1324179173911245,0.1407400510183002,0.0009837662849639,0.1355952179197484,0.0019960079840319,,,,,,,development,5,0.0892857142857142,,,joint_epigenetic_ecological,epigenetic+ecological,500.0,500.0,5,0.0892857142857142
,,5,25,232,,,,0.1376542638678796,,0.0020306333608798,,0.1336742956147497,0.1416342321210095,0.000978486388407,0.1366757774794725,0.0019960079840319,,,,,,,development,6,0.1071428571428571,,,joint_epigenetic_ecological,epigenetic+ecological,500.0,500.0,6,0.1071428571428571
,,5,25,232,,,,0.1386260381241615,,0.002043603558476,,0.1346206487508705,0.1426314274974525,0.0009766315838873,0.1376494065402742,0.0019960079840319,,,,,,,development,7,0.125,,,joint_epigenetic_ecological,epigenetic+ecological,500.0,500.0,7,0.125
,,5,25,232,,,,0.139588124817873,,0.002044704282218,,0.1355805780656908,0.1435956715700551,0.0009702917876136,0.1386178330302593,0.0019960079840319,,,,,,,development,8,0.1428571428571428,,,joint_epigenetic_ecological,epigenetic+ecological,500.0,500.0,8,0.1428571428571428
,,5,25,232,,,,0.1401836539880091,,0.002092401186281,,0.1360826230216894,0.1442846849543287,0.0009865829828481,0.139197071005161,0.0019960079840319,,,,,,,development,9,0.1607142857142857,,,joint_epigenetic_ecological,epigenetic+ecological,500.0,500.0,9,0.1607142857142857
,,5,25,232,,,,0.1405218079459644,,0.0021225020735484,,0.1363617803246979,0.1446818355672308,0.0009753507309528,0.1395464572150115,0.0019960079840319,,,,,,,development,10,0.1785714285714285,,,joint_epigenetic_ecological,epigenetic+ecological,500.0,500.0,10,0.1785714285714285
,,5,25,232,,,,0.1412116294847316,,0.0020871644144711,,0.1371208624025545,0.1453023965669087,0.0009714190000826,0.140240210484649,0.0019960079840319,,,,,,,development,11,0.1964285714285714,,,joint_epigenetic_ecological,epigenetic+ecological,500.0,500.0,11,0.1964285714285714
,,5,25,232,,,,0.1420503638939203,,0.0020799741900441,,0.1379736893926608,0.1461270383951798,0.0009822073586737,0.1410681565352466,0.0019960079840319,,,,,,,development,12,0.2142857142857142,,,joint_epigenetic_ecological,epigenetic+ecological,500.0,500.0,12,0.2142857142857142
,,5,25,232,,,,0.1425951254327205,,0.0022024865044978,,0.1382783312074692,0.1469119196579718,0.0009809457968618,0.1416141796358587,0.0019960079840319,,,,,,,development,13,0.2321428571428571,,,joint_epigenetic_ecological,epigenetic+ecological,500.0,500.0,13,0.2321428571428571
,,5,25,232,,,,0.1435947290473821,,0.0021505077512185,,0.1393798113065195,0.1478096467882446,0.0009866404293917,0.1426080886179903,0.0019960079840319,,,,,,,development,14,0.25,,,joint_epigenetic_ecological,epigenetic+ecological,500.0,500.0,14,0.25
,,5,25,232,,,,0.1445530825648611,,0.0021038352459729,,0.1404296412533481,0.1486765238763741,0.0009958852698543,0.1435571972950067,0.0019960079840319,,,,,,,development,15,0.2678571428571428,,,joint_epigenetic_ecological,epigenetic+ecological,500.0,500.0,15,0.2678571428571428
,,5,25,232,,,,0.1454833492287863,,0.0020753915114137,,0.1414156566125952,0.1495510418449774,0.0009796624581101,0.1445036867706761,0.0019960079840319,,,,,,,development,16,0.2857142857142857,,,joint_epigenetic_ecological,epigenetic+ecological,500.0,500.0,16,0.2857142857142857
,,5,25,232,,,,0.145906204548608,,0.0021555533016594,,0.141681397710599,0.150131011386617,0.0009810454694055,0.1449251590792024,0.0019960079840319,,,,,,,development,17,0.3035714285714285,,,joint_epigenetic_ecological,epigenetic+ecological,500.0,500.0,17,0.3035714285714285
,,5,25,232,,,,0.1463929399832099,,0.002116571028628,,0.1422445369963782,0.1505413429700417,0.0009750428117945,0.1454178971714154,0.0019960079840319,,,,,,,development,18,0.3214285714285714,,,joint_epigenetic_ecological,epigenetic+ecological,500.0,500.0,18,0.3214285714285714
,,5,25,232,,,,0.1472087397187919,,0.0020727570924128,,0.1431462104689627,0.1512712689686211,0.0009836615492628,0.1462250781695291,0.0019960079840319,,,,,,,development,19,0.3392857142857142,,,joint_epigenetic_ecological,epigenetic+ecological,500.0,500.0,19,0.3392857142857142
,,5,25,232,,,,0.1478209511385181,,0.0020654679629047,,0.1437727083200033,0.1518691939570328,0.0009697201391141,0.1468512309994039,0.0019960079840319,,,,,,,development,20,0.3571428571428571,,,joint_epigenetic_ecological,epigenetic+ecological,500.0,500.0,20,0.3571428571428571
,,5,25,232,,,,0.1484415991837799,,0.0022193854522006,,0.1440916836296545,0.1527915147379053,0.0009788423885915,0.1474627567951883,0.0019960079840319,,,,,,,development,21,0.375,,,joint_epigenetic_ecological,epigenetic+ecological,500.0,500.0,21,0.375
,,5,25,232,,,,0.1493036339469468,,0.002173378448741,,0.1450438904626388,0.1535633774312549,0.0009729574012854,0.1483306765456614,0.0019960079840319,,,,,,,development,22,0.3928571428571428,,,joint_epigenetic_ecological,epigenetic+ecological,500.0,500.0,22,0.3928571428571428
,,5,25,232,,,,0.1494288864285323,,0.0021079984996975,,0.1452972852896606,0.1535604875674039,0.0009766326804698,0.1484522537480624,0.0019960079840319,,,,,,,development,23,0.4107142857142857,,,joint_epigenetic_ecological,epigenetic+ecological,500.0,500.0,23,0.4107142857142857
,,5,25,232,,,,0.1500093542301583,,0.0022029672844602,,0.1456916176934961,0.1543270907668204,0.0009845440891731,0.1490248101409851,0.0019960079840319,,,,,,,development,24,0.4285714285714285,,,joint_epigenetic_ecological,epigenetic+ecological,500.0,500.0,24,0.4285714285714285
,,5,25,232,,,,0.1501369753488984,,0.0021672149954075,,0.1458893120111443,0.1543846386866524,0.0009938738056835,0.1491431015432148,0.0019960079840319,,,,,,,development,25,0.4464285714285714,,,joint_epigenetic_ecological,epigenetic+ecological,500.0,500.0,25,0.4464285714285714
,,5,25,232,,,,0.1502273653496149,,0.0019947590557896,,0.146317709442432,0.1541370212567978,0.0009808260981686,0.1492465392514463,0.0019960079840319,,,,,,,development,26,0.4642857142857142,,,joint_epigenetic_ecological,epigenetic+ecological,500.0,500.0,26,0.4642857142857142
,,5,25,232,,,,0.1501562134088297,,0.0021210558460205,,0.1459990203414313,0.1543134064762281,0.0009795712326874,0.1491766421761423,0.0019960079840319,,,,,,,development,27,0.4821428571428571,,,joint_epigenetic_ecological,epigenetic+ecological,500.0,500.0,27,0.4821428571428571
,,5,25,232,,,,0.1498645045591285,,0.0021715966933608,,0.1456082532511949,0.1541207558670621,0.0009826514198385,0.1488818531392899,0.0019960079840319,,,,,,,development,28,0.5,,,joint_epigenetic_ecological,epigenetic+ecological,500.0,500.0,28,0.5
,,5,25,232,,,,0.149823932905548,,0.0020934279760319,,0.1457208894682968,0.1539269763427992,0.0009890989214336,0.1488348339841143,0.0019960079840319,,,,,,,development,29,0.5178571428571428,,,joint_epigenetic_ecological,epigenetic+ecological,500.0,500.0,29,0.5178571428571428
,,5,25,232,,,,0.1494854122081325,,0.0021305211084455,,0.1453096675672768,0.1536611568489882,0.0009767151603537,0.1485086970477787,0.0019960079840319,,,,,,,development,30,0.5357142857142857,,,joint_epigenetic_ecological,epigenetic+ecological,500.0,500.0,30,0.5357142857142857
,,5,25,232,,,,0.149056776460169,,0.0021047662204736,,0.1449315104721642,0.1531820424481738,0.0009844950135526,0.1480722814466163,0.0019960079840319,,,,,,,development,31,0.5535714285714285,,,joint_epigenetic_ecological,epigenetic+ecological,500.0,500.0,31,0.5535714285714285
,,5,25,232,,,,0.1485883916554357,,0.0021380781624306,,0.14439783546094,0.1527789478499313,0.0009802059963417,0.1476081856590939,0.0019960079840319,,,,,,,development,32,0.5714285714285714,,,joint_epigenetic_ecological,epigenetic+ecological,500.0,500.0,32,0.5714285714285714
,,5,25,232,,,,0.1475165477879091,,0.0021158210440175,,0.1433696147439027,0.1516634808319155,0.0009778417681397,0.1465387060197693,0.0019960079840319,,,,,,,development,33,0.5892857142857143,,,joint_epigenetic_ecological,epigenetic+ecological,500.0,500.0,33,0.5892857142857143
,,5,25,232,,,,0.1470162775984351,,0.0020886565908625,,0.1429225859042724,0.1511099692925978,0.0009792877563279,0.1460369898421072,0.0019960079840319,,,,,,,development,34,0.6071428571428571,,,joint_epigenetic_ecological,epigenetic+ecological,500.0,500.0,34,0.6071428571428571
,,5,25,232,,,,0.1461801547048373,,0.0021026168101062,,0.1420591014837406,0.1503012079259341,0.0009823287258175,0.1451978259790197,0.0019960079840319,,,,,,,development,35,0.625,,,joint_epigenetic_ecological,epigenetic+ecological,500.0,500.0,35,0.625
,,5,25,232,,,,0.1453486739587174,,0.0020948561258385,,0.1412428313992808,0.149454516518154,0.0009820732707502,0.1443666006879671,0.0019960079840319,,,,,,,development,36,0.6428571428571428,,,joint_epigenetic_ecological,epigenetic+ecological,500.0,500.0,36,0.6428571428571428
,,5,25,232,,,,0.1447540685639317,,0.0022376156523563,,0.1403684224740701,0.1491397146537933,0.0009724345317805,0.1437816340321512,0.0019960079840319,,,,,,,development,37,0.6607142857142857,,,joint_epigenetic_ecological,epigenetic+ecological,500.0,500.0,37,0.6607142857142857
,,5,25,232,,,,0.1437516843023445,,0.0021279063051773,,0.1395810645817213,0.1479223040229677,0.0009851969631535,0.142766487339191,0.0019960079840319,,,,,,,development,38,0.6785714285714285,,,joint_epigenetic_ecological,epigenetic+ecological,500.0,500.0,38,0.6785714285714285
,,5,25,232,,,,0.1422851452886477,,0.0020768370849127,,0.1382146194004616,0.1463556711768337,0.000975055074343,0.1413100902143047,0.0019960079840319,,,,,,,development,39,0.6964285714285714,,,joint_epigenetic_ecological,epigenetic+ecological,500.0,500.0,39,0.6964285714285714
,,5,25,232,,,,0.141582644693066,,0.0020541322967585,,0.1375566193719388,0.1456086700141932,0.000976372123876,0.1406062725691899,0.0019960079840319,,,,,,,development,40,0.7142857142857142,,,joint_epigenetic_ecological,epigenetic+ecological,500.0,500.0,40,0.7142857142857142
,,5,25,232,,,,0.1409265507537339,,0.0021066306973642,,0.1367976304581735,0.1450554710492942,0.0009853670766335,0.1399411836771003,0.0019960079840319,,,,,,,development,41,0.7321428571428571,,,joint_epigenetic_ecological,epigenetic+ecological,500.0,500.0,41,0.7321428571428571
,,5,25,232,,,,0.1398928810525536,,0.0020717004722308,,0.1358324227402265,0.1439533393648807,0.0009758470423089,0.1389170340102447,0.0019960079840319,,,,,,,development,42,0.75,,,joint_epigenetic_ecological,epigenetic+ecological,500.0,500.0,42,0.75
,,5,25,232,,,,0.1389271783077042,,0.0019976855126529,,0.1350117866504669,0.1428425699649415,0.0009842731848448,0.1379429051228594,0.0019960079840319,,,,,,,development,43,0.7678571428571428,,,joint_epigenetic_ecological,epigenetic+ecological,500.0,500.0,43,0.7678571428571428
,,5,25,232,,,,0.1372837635391935,,0.0020198484110955,,0.1333249333992157,0.1412425936791713,0.0009766292458685,0.1363071342933249,0.0019960079840319,,,,,,,development,44,0.7857142857142857,,,joint_epigenetic_ecological,epigenetic+ecological,500.0,500.0,44,0.7857142857142857
,,5,25,232,,,,0.1361899463267336,,0.0019796511701598,,0.1323099013312678,0.1400699913221994,0.0009822627820252,0.1352076835447084,0.0019960079840319,,,,,,,development,45,0.8035714285714285,,,joint_epigenetic_ecological,epigenetic+ecological,500.0,500.0,45,0.8035714285714285
,,5,25,232,,,,0.135248242528966,,0.0021239349162507,,0.1310854065876074,0.1394110784703246,0.0009689649126121,0.1342792776163539,0.0019960079840319,,,,,,,development,46,0.8214285714285714,,,joint_epigenetic_ecological,epigenetic+ecological,500.0,500.0,46,0.8214285714285714
,,5,25,232,,,,0.1342582454214711,,0.0020803239515675,,0.1301808854002227,0.1383356054427195,0.0009832249045447,0.1332750205169263,0.0019960079840319,,,,,,,development,47,0.8392857142857142,,,joint_epigenetic_ecological,epigenetic+ecological,500.0,500.0,47,0.8392857142857142
,,5,25,232,,,,0.1335660852537521,,0.0021361846760792,,0.1293792402243103,0.1377529302831938,0.0009787041594735,0.1325873810942786,0.0019960079840319,,,,,,,development,48,0.8571428571428571,,,joint_epigenetic_ecological,epigenetic+ecological,500.0,500.0,48,0.8571428571428571
,,5,25,232,,,,0.1326766173493914,,0.0021462254219429,,0.1284700928196789,0.1368831418791039,0.0009805926558886,0.1316960246935028,0.0019960079840319,,,,,,,development,49,0.875,,,joint_epigenetic_ecological,epigenetic+ecological,500.0,500.0,49,0.875
,,5,25,232,,,,0.131218256368844,,0.0020178836814216,,0.1272632770282665,0.1351732357094215,0.0009720582664816,0.1302461981023623,0.0019960079840319,,,,,,,development,50,0.8928571428571428,,,joint_epigenetic_ecological,epigenetic+ecological,500.0,500.0,50,0.8928571428571428
,,5,25,232,,,,0.1308994449433638,,0.0020319836804921,,0.1269168301124261,0.1348820597743016,0.0009846977825132,0.1299147471608505,0.0019960079840319,,,,,,,development,51,0.9107142857142856,,,joint_epigenetic_ecological,epigenetic+ecological,500.0,500.0,51,0.9107142857142856
,,5,25,232,,,,0.1307579618993232,,0.0020211388021047,,0.1267966026394415,0.1347193211592049,0.0009792813626543,0.1297786805366688,0.0019960079840319,,,,,,,development,52,0.9285714285714284,,,joint_epigenetic_ecological,epigenetic+ecological,500.0,500.0,52,0.9285714285714284
,,5,25,232,,,,0.1298897988800774,,0.0020442465132974,,0.1258831493384928,0.1338964484216621,0.0009829565303943,0.1289068423496832,0.0019960079840319,,,,,,,development,53,0.9464285714285714,,,joint_epigenetic_ecological,epigenetic+ecological,500.0,500.0,53,0.9464285714285714
,,5,25,232,,,,0.1293905458145505,,0.0019913180377311,,0.1254876341788325,0.1332934574502686,0.0009873332739544,0.128403212540596,0.0019960079840319,,,,,,,development,54,0.9642857142857142,,,joint_epigenetic_ecological,epigenetic+ecological,500.0,500.0,54,0.9642857142857142
,,5,25,232,,,,0.1286571687555173,,0.0020720101054624,,0.1245961035732079,0.1327182339378267,0.0009818114268747,0.1276753573286426,0.0019960079840319,,,,,,,development,55,0.9821428571428572,,,joint_epigenetic_ecological,epigenetic+ecological,500.0,500.0,55,0.9821428571428572
,,5,25,232,,,,0.1275058973871662,,0.0020728480139205,,0.1234431899344565,0.1315686048398759,0.0009811872872687,0.1265247100998975,0.0019960079840319,,,,,,,development,56,1.0,,,joint_epigenetic_ecological,epigenetic+ecological,500.0,500.0,56,1.0
,,5,25,232,,,,0.0163328023238547,,0.0007039979723687,,0.0149529916528227,0.0177126129948867,0.0009798914118561,0.0153529109119986,0.0019960079840319,,,,,,,microbiome,0,0.0,,,joint_epigenetic_ecological,epigenetic+ecological,500.0,500.0,0,0.0
,,5,25,232,,,,0.0199391423023326,,0.0008153518537266,,0.0183410820343003,0.0215372025703648,0.0009778474917611,0.0189612948105715,0.0019960079840319,,,,,,,microbiome,1,0.0166666666666666,,,joint_epigenetic_ecological,epigenetic+ecological,500.0,500.0,1,0.0166666666666666
,,5,25,232,,,,0.024028454074758,,0.0008857151503463,,0.0222924842795176,0.0257644238699984,0.0009836062962577,0.0230448477785003,0.0019960079840319,,,,,,,microbiome,2,0.0333333333333333,,,joint_epigenetic_ecological,epigenetic+ecological,500.0,500.0,2,0.0333333333333333
,,5,25,232,,,,0.0285864226045597,,0.0008929692040228,,0.0268362351253716,0.0303366100837478,0.0009764713836459,0.0276099512209137,0.0019960079840319,,,,,,,microbiome,3,0.05,,,joint_epigenetic_ecological,epigenetic+ecological,500.0,500.0,3,0.05
,,5,25,232,,,,0.0334606837762108,,0.0009990282419919,,0.0315026244023681,0.0354187431500534,0.0009772236353855,0.0324834601408253,0.0019960079840319,,,,,,,microbiome,4,0.0666666666666666,,,joint_epigenetic_ecological,epigenetic+ecological,500.0,500.0,4,0.0666666666666666
,,5,25,232,,,,0.0378393746130262,,0.0010474118275633,,0.0357864851540207,0.0398922640720317,0.0009654147653734,0.0368739598476527,0.0019960079840319,,,,,,,microbiome,5,0.0833333333333333,,,joint_epigenetic_ecological,epigenetic+ecological,500.0,500.0,5,0.0833333333333333
,,5,25,232,,,,0.0420139810280878,,0.0010827705874164,,0.0398917896732322,0.0441361723829434,0.0009822289596859,0.0410317520684019,0.0019960079840319,,,,,,,microbiome,6,0.1,,,joint_epigenetic_ecological,epigenetic+ecological,500.0,500.0,6,0.1
,,5,25,232,,,,0.0460139980329896,,0.0011508139370801,,0.0437584441634057,0.0482695519025735,0.0009886612465453,0.0450253367864442,0.0019960079840319,,,,,,,microbiome,7,0.1166666666666666,,,joint_epigenetic_ecological,epigenetic+ecological,500.0,500.0,7,0.1166666666666666
,,5,25,232,,,,0.0497585330176022,,0.0012155977568205,,0.0473760051945462,0.0521410608406582,0.0009818027220911,0.0487767302955111,0.0019960079840319,,,,,,,microbiome,8,0.1333333333333333,,,joint_epigenetic_ecological,epigenetic+ecological,500.0,500.0,8,0.1333333333333333
,,5,25,232,,,,0.0530537576800098,,0.0012702536478642,,0.0505641062789652,0.0555434090810544,0.0009892140276269,0.0520645436523828,0.0019960079840319,,,,,,,microbiome,9,0.15,,,joint_epigenetic_ecological,epigenetic+ecological,500.0,500.0,9,0.15
,,5,25,232,,,,0.0560048764504726,,0.0012724621501106,,0.0535108964645654,0.0584988564363797,0.0009804192845697,0.0550244571659028,0.0019960079840319,,,,,,,microbiome,10,0.1666666666666666,,,joint_epigenetic_ecological,epigenetic+ecological,500.0,500.0,10,0.1666666666666666
,,5,25,232,,,,0.0587842129715449,,0.0013899178547597,,0.0560600240347465,0.0615084019083432,0.0009863232553353,0.0577978897162095,0.0019960079840319,,,,,,,microbiome,11,0.1833333333333333,,,joint_epigenetic_ecological,epigenetic+ecological,500.0,500.0,11,0.1833333333333333
,,5,25,232,,,,0.0609638583104005,,0.0013765855909565,,0.0582658001304888,0.0636619164903121,0.0009727963922594,0.059991061918141,0.0019960079840319,,,,,,,microbiome,12,0.2,,,joint_epigenetic_ecological,epigenetic+ecological,500.0,500.0,12,0.2
,,5,25,232,,,,0.0630032212443538,,0.0013575311177087,,0.0603425091457524,0.0656639333429553,0.0009781044137486,0.0620251168306051,0.0019960079840319,,,,,,,microbiome,13,0.2166666666666666,,,joint_epigenetic_ecological,epigenetic+ecological,500.0,500.0,13,0.2166666666666666
,,5,25,232,,,,0.0653469419682468,,0.0013873149055032,,0.0626278547182447,0.0680660292182488,0.0009749454601389,0.0643719965081078,0.0019960079840319,,,,,,,microbiome,14,0.2333333333333333,,,joint_epigenetic_ecological,epigenetic+ecological,500.0,500.0,14,0.2333333333333333
,,5,25,232,,,,0.0670304915183279,,0.0013600190172504,,0.0643649032262276,0.0696960798104283,0.0009886700281551,0.0660418214901728,0.0019960079840319,,,,,,,microbiome,15,0.25,,,joint_epigenetic_ecological,epigenetic+ecological,500.0,500.0,15,0.25
,,5,25,232,,,,0.0688012265234523,,0.0014781620173078,,0.0659040822062137,0.0716983708406908,0.0009780951756106,0.0678231313478416,0.0019960079840319,,,,,,,microbiome,16,0.2666666666666666,,,joint_epigenetic_ecological,epigenetic+ecological,500.0,500.0,16,0.2666666666666666
,,5,25,232,,,,0.0705230613139527,,0.0015242729445195,,0.0675355412400855,0.0735105813878198,0.000974727644606,0.0695483336693466,0.0019960079840319,,,,,,,microbiome,17,0.2833333333333333,,,joint_epigenetic_ecological,epigenetic+ecological,500.0,500.0,17,0.2833333333333333
,,5,25,232,,,,0.0719406460528097,,0.001492209251217,,0.0690159696630268,0.0748653224425926,0.0009802125808913,0.0709604334719184,0.0019960079840319,,,,,,,microbiome,18,0.3,,,joint_epigenetic_ecological,epigenetic+ecological,500.0,500.0,18,0.3
,,5,25,232,,,,0.0733469515715898,,0.0015188070049346,,0.0703701445424507,0.0763237586007288,0.0009827536424305,0.0723641979291592,0.0019960079840319,,,,,,,microbiome,19,0.3166666666666666,,,joint_epigenetic_ecological,epigenetic+ecological,500.0,500.0,19,0.3166666666666666
,,5,25,232,,,,0.0744729014196731,,0.0014377727450568,,0.0716549186214084,0.0772908842179377,0.0009766816703925,0.0734962197492805,0.0019960079840319,,,,,,,microbiome,20,0.3333333333333333,,,joint_epigenetic_ecological,epigenetic+ecological,500.0,500.0,20,0.3333333333333333
,,5,25,232,,,,0.0757497670187142,,0.0015291221367473,,0.0727527427027265,0.0787467913347019,0.0009858006969289,0.0747639663217853,0.0019960079840319,,,,,,,microbiome,21,0.35,,,joint_epigenetic_ecological,epigenetic+ecological,500.0,500.0,21,0.35
,,5,25,232,,,,0.0768039769577845,,0.0015075755485252,,0.0738491831787017,0.0797587707368672,0.0009834417740466,0.0758205351837378,0.0019960079840319,,,,,,,microbiome,22,0.3666666666666666,,,joint_epigenetic_ecological,epigenetic+ecological,500.0,500.0,22,0.3666666666666666
,,5,25,232,,,,0.077638555758906,,0.0015182717889382,,0.0746627977338439,0.0806143137839682,0.0009841786368432,0.0766543771220628,0.0019960079840319,,,,,,,microbiome,23,0.3833333333333333,,,joint_epigenetic_ecological,epigenetic+ecological,500.0,500.0,23,0.3833333333333333
,,5,25,232,,,,0.0786956626472232,,0.0014944787164,,0.0757665381874176,0.0816247871070289,0.0009767515367613,0.0777189111104618,0.0019960079840319,,,,,,,microbiome,24,0.4,,,joint_epigenetic_ecological,epigenetic+ecological,500.0,500.0,24,0.4
,,5,25,232,,,,0.079686426990773,,0.0014611097095568,,0.0768227045825798,0.0825501493989662,0.0009853238746394,0.0787011031161335,0.0019960079840319,,,,,,,microbiome,25,0.4166666666666667,,,joint_epigenetic_ecological,epigenetic+ecological,500.0,500.0,25,0.4166666666666667
,,5,25,232,,,,0.0805906872652776,,0.0015843544809055,,0.077485409543958,0.0836959649865972,0.0009797335282225,0.0796109537370551,0.0019960079840319,,,,,,,microbiome,26,0.4333333333333333,,,joint_epigenetic_ecological,epigenetic+ecological,500.0,500.0,26,0.4333333333333333
,,5,25,232,,,,0.0813514274315691,,0.001579250328608,,0.0782561536649242,0.0844467011982139,0.0009753801514292,0.0803760472801398,0.0019960079840319,,,,,,,microbiome,27,0.45,,,joint_epigenetic_ecological,epigenetic+ecological,500.0,500.0,27,0.45
,,5,25,232,,,,0.0822125389752236,,0.0016449396268027,,0.0789885165499474,0.0854365614004998,0.0009710088816459,0.0812415300935777,0.0019960079840319,,,,,,,microbiome,28,0.4666666666666667,,,joint_epigenetic_ecological,epigenetic+ecological,500.0,500.0,28,0.4666666666666667
,,5,25,232,,,,0.0828984702276174,,0.0015872664052342,,0.079787485239488,0.0860094552157468,0.0009827861506239,0.0819156840769934,0.0019960079840319,,,,,,,microbiome,29,0.4833333333333333,,,joint_epigenetic_ecological,epigenetic+ecological,500.0,500.0,29,0.4833333333333333
,,5,25,232,,,,0.0836679716234106,,0.0017034749440026,,0.0803292220845991,0.0870067211622221,0.0009837766530914,0.0826841949703192,0.0019960079840319,,,,,,,microbiome,30,0.5,,,joint_epigenetic_ecological,epigenetic+ecological,500.0,500.0,30,0.5
,,5,25,232,,,,0.0842506389330502,,0.0015112936082696,,0.0812885578907762,0.0872127199753242,0.0009738870769339,0.0832767518561162,0.0019960079840319,,,,,,,microbiome,31,0.5166666666666666,,,joint_epigenetic_ecological,epigenetic+ecological,500.0,500.0,31,0.5166666666666666
,,5,25,232,,,,0.0850236925547478,,0.0016108635736438,,0.0818664579663984,0.0881809271430972,0.0009708507563628,0.0840528417983849,0.0019960079840319,,,,,,,microbiome,32,0.5333333333333333,,,joint_epigenetic_ecological,epigenetic+ecological,500.0,500.0,32,0.5333333333333333
,,5,25,232,,,,0.0859150557638366,,0.0015685864936744,,0.0828406827295987,0.0889894287980746,0.0009809778611763,0.0849340779026603,0.0019960079840319,,,,,,,microbiome,33,0.55,,,joint_epigenetic_ecological,epigenetic+ecological,500.0,500.0,33,0.55
,,5,25,232,,,,0.0866147203065917,,0.001611967520242,,0.0834553220226689,0.0897741185905144,0.0009850209598464,0.0856296993467452,0.0019960079840319,,,,,,,microbiome,34,0.5666666666666667,,,joint_epigenetic_ecological,epigenetic+ecological,500.0,500.0,34,0.5666666666666667
,,5,25,232,,,,0.0876007069662726,,0.0016148506480705,,0.0844356578556432,0.090765756076902,0.0009766592260412,0.0866240477402313,0.0019960079840319,,,,,,,microbiome,35,0.5833333333333334,,,joint_epigenetic_ecological,epigenetic+ecological,500.0,500.0,35,0.5833333333333334
,,5,25,232,,,,0.0881637381450003,,0.0016268827773874,,0.0849751064942524,0.0913523697957481,0.0009761489714539,0.0871875891735464,0.0019960079840319,,,,,,,microbiome,36,0.6,,,joint_epigenetic_ecological,epigenetic+ecological,500.0,500.0,36,0.6
,,5,25,232,,,,0.0887799527002197,,0.0016954834599506,,0.0854568661823331,0.0921030392181063,0.0009847599918054,0.0877951927084143,0.0019960079840319,,,,,,,microbiome,37,0.6166666666666667,,,joint_epigenetic_ecological,epigenetic+ecological,500.0,500.0,37,0.6166666666666667
,,5,25,232,,,,0.0889909005324827,,0.0016472896726988,,0.0857622721018882,0.0922195289630772,0.0009789757552459,0.0880119247772367,0.0019960079840319,,,,,,,microbiome,38,0.6333333333333333,,,joint_epigenetic_ecological,epigenetic+ecological,500.0,500.0,38,0.6333333333333333
,,5,25,232,,,,0.0898722375532527,,0.0015490410669999,,0.0868361728513592,0.0929083022551461,0.0009804277856011,0.0888918097676515,0.0019960079840319,,,,,,,microbiome,39,0.65,,,joint_epigenetic_ecological,epigenetic+ecological,500.0,500.0,39,0.65
,,5,25,232,,,,0.0902439289055696,,0.0016757564161216,,0.0869595066831092,0.0935283511280301,0.0009768130011465,0.0892671159044231,0.0019960079840319,,,,,,,microbiome,40,0.6666666666666666,,,joint_epigenetic_ecological,epigenetic+ecological,500.0,500.0,40,0.6666666666666666
,,5,25,232,,,,0.0908872149804603,,0.0016948298799364,,0.0875654094558626,0.0942090205050581,0.000981702268939,0.0899055127115213,0.0019960079840319,,,,,,,microbiome,41,0.6833333333333333,,,joint_epigenetic_ecological,epigenetic+ecological,500.0,500.0,41,0.6833333333333333
,,5,25,232,,,,0.0914211611905944,,0.0016111585692792,,0.088263348421424,0.0945789739597648,0.0009785938730834,0.090442567317511,0.0019960079840319,,,,,,,microbiome,42,0.7,,,joint_epigenetic_ecological,epigenetic+ecological,500.0,500.0,42,0.7
,,5,25,232,,,,0.0919745434572968,,0.0017027811913771,,0.0886371536486453,0.0953119332659483,0.0009780765638684,0.0909964668934284,0.0019960079840319,,,,,,,microbiome,43,0.7166666666666667,,,joint_epigenetic_ecological,epigenetic+ecological,500.0,500.0,43,0.7166666666666667
,,5,25,232,,,,0.0924316697307886,,0.0016504293867997,,0.0891968875736345,0.0956664518879427,0.0009819034134819,0.0914497663173067,0.0019960079840319,,,,,,,microbiome,44,0.7333333333333333,,,joint_epigenetic_ecological,epigenetic+ecological,500.0,500.0,44,0.7333333333333333
,,5,25,232,,,,0.0928666950545786,,0.001786930675306,,0.0893643752881089,0.0963690148210484,0.0009767267508754,0.0918899683037032,0.0019960079840319,,,,,,,microbiome,45,0.75,,,joint_epigenetic_ecological,epigenetic+ecological,500.0,500.0,45,0.75
,,5,25,232,,,,0.0935276695268577,,0.001760768239734,,0.090076627191857,0.0969787118618584,0.0009810967444425,0.0925465727824151,0.0019960079840319,,,,,,,microbiome,46,0.7666666666666666,,,joint_epigenetic_ecological,epigenetic+ecological,500.0,500.0,46,0.7666666666666666
,,5,25,232,,,,0.0941775798321438,,0.0016976718258449,,0.0908502041959194,0.0975049554683683,0.0009745797276569,0.0932030001044869,0.0019960079840319,,,,,,,microbiome,47,0.7833333333333333,,,joint_epigenetic_ecological,epigenetic+ecological,500.0,500.0,47,0.7833333333333333
,,5,25,232,,,,0.094821961549569,,0.0015160214575314,,0.0918506140930173,0.0977933090061206,0.000976800014158,0.0938451615354109,0.0019960079840319,,,,,,,microbiome,48,0.8,,,joint_epigenetic_ecological,epigenetic+ecological,500.0,500.0,48,0.8
,,5,25,232,,,,0.0950624556808993,,0.0016483467719054,,0.0918317553739319,0.0982931559878668,0.0009803794959913,0.094082076184908,0.0019960079840319,,,,,,,microbiome,49,0.8166666666666667,,,joint_epigenetic_ecological,epigenetic+ecological,500.0,500.0,49,0.8166666666666667
,,5,25,232,,,,0.0958074751161118,,0.0016748088990587,,0.0925249099929694,0.0990900402392541,0.0009839916432864,0.0948234834728253,0.0019960079840319,,,,,,,microbiome,50,0.8333333333333334,,,joint_epigenetic_ecological,epigenetic+ecological,500.0,500.0,50,0.8333333333333334
,,5,25,232,,,,0.0964366515844118,,0.0016994300130407,,0.0931058299646056,0.0997674732042181,0.0009786983467066,0.0954579532377052,0.0019960079840319,,,,,,,microbiome,51,0.85,,,joint_epigenetic_ecological,epigenetic+ecological,500.0,500.0,51,0.85
,,5,25,232,,,,0.0970356423506677,,0.0016774978102959,,0.0937478070583428,0.1003234776429926,0.000977914446503,0.0960577279041647,0.0019960079840319,,,,,,,microbiome,52,0.8666666666666667,,,joint_epigenetic_ecological,epigenetic+ecological,500.0,500.0,52,0.8666666666666667
,,5,25,232,,,,0.0974939371021567,,0.0018483365282109,,0.0938712640755535,0.10111661012876,0.0009811543119985,0.0965127827901581,0.0019960079840319,,,,,,,microbiome,53,0.8833333333333333,,,joint_epigenetic_ecological,epigenetic+ecological,500.0,500.0,53,0.8833333333333333
,,5,25,232,,,,0.098243132348417,,0.001738440710341,,0.0948358511668903,0.1016504135299437,0.0009758951475355,0.0972672372008814,0.0019960079840319,,,,,,,microbiome,54,0.9,,,joint_epigenetic_ecological,epigenetic+ecological,500.0,500.0,54,0.9
,,5,25,232,,,,0.0987336001165811,,0.0016779480439539,,0.0954448823825019,0.1020223178506603,0.000975984728229,0.097757615388352,0.0019960079840319,,,,,,,microbiome,55,0.9166666666666666,,,joint_epigenetic_ecological,epigenetic+ecological,500.0,500.0,55,0.9166666666666666
,,5,25,232,,,,0.099300609512849,,0.0017672750966253,,0.0958368139726888,0.1027644050530093,0.0009731389219237,0.0983274705909252,0.0019960079840319,,,,,,,microbiome,56,0.9333333333333332,,,joint_epigenetic_ecological,epigenetic+ecological,500.0,500.0,56,0.9333333333333332
,,5,25,232,,,,0.0998574303749561,,0.0017753179930857,,0.096377871047402,0.1033369897025102,0.0009784131378995,0.0988790172370566,0.0019960079840319,,,,,,,microbiome,57,0.95,,,joint_epigenetic_ecological,epigenetic+ecological,500.0,500.0,57,0.95
,,5,25,232,,,,0.1004326848280926,,0.0017356971012779,,0.0970307810215172,0.1038345886346681,0.0009797077737197,0.0994529770543729,0.0019960079840319,,,,,,,microbiome,58,0.9666666666666668,,,joint_epigenetic_ecological,epigenetic+ecological,500.0,500.0,58,0.9666666666666668
,,5,25,232,,,,0.1010555377924628,,0.0017969603606082,,0.0975335602040246,0.104577515380901,0.000979524444974,0.1000760133474888,0.0019960079840319,,,,,,,microbiome,59,0.9833333333333332,,,joint_epigenetic_ecological,epigenetic+ecological,500.0,500.0,59,0.9833333333333332
,,5,25,232,,,,0.1015574366498445,,0.0015541975277347,,0.0985112654706232,0.1046036078290657,0.0009751155608758,0.1005823210889687,0.0019960079840319,,,,,,,microbiome,60,1.0,,,joint_epigenetic_ecological,epigenetic+ecological,500.0,500.0,60,1.0
,,3,25,232,,,,0.0553907785430062,,0.0013187540140782,,0.0528060681709452,0.0579754889150672,0.0005815643702495,0.0548092141727567,0.0019960079840319,,,,,,,life_history,0,0.0,,,joint_epigenetic_ecological,epigenetic+ecological,500.0,500.0,0,0.0
,,3,25,232,,,,0.0672686177130034,,0.0014253122726877,,0.0644750569918124,0.0700621784341943,0.0005872666765389,0.0666813510364644,0.0019960079840319,,,,,,,life_history,1,0.025,,,joint_epigenetic_ecological,epigenetic+ecological,500.0,500.0,1,0.025
,,3,25,232,,,,0.0792739132881616,,0.0015789240550456,,0.0761792790059482,0.0823685475703751,0.000586874731866,0.0786870385562956,0.0019960079840319,,,,,,,life_history,2,0.05,,,joint_epigenetic_ecological,epigenetic+ecological,500.0,500.0,2,0.05
,,3,25,232,,,,0.0908728110392497,,0.001615712733702,,0.087706072271831,0.0940395498066684,0.0005955001674699,0.0902773108717797,0.0019960079840319,,,,,,,life_history,3,0.075,,,joint_epigenetic_ecological,epigenetic+ecological,500.0,500.0,3,0.075
,,3,25,232,,,,0.1019101679852686,,0.0017622746281966,,0.0984561731831343,0.1053641627874028,0.0005952289078735,0.101314939077395,0.0019960079840319,,,,,,,life_history,4,0.1,,,joint_epigenetic_ecological,epigenetic+ecological,500.0,500.0,4,0.1
,,3,25,232,,,,0.1115100774622806,,0.0019044545949188,,0.1077774150460477,0.1152427398785135,0.0005873146833664,0.1109227627789142,0.0019960079840319,,,,,,,life_history,5,0.125,,,joint_epigenetic_ecological,epigenetic+ecological,500.0,500.0,5,0.125
,,3,25,232,,,,0.1196965235947698,,0.0019032027573506,,0.1159663147350853,0.1234267324544543,0.0005845732697289,0.1191119503250408,0.0019960079840319,,,,,,,life_history,6,0.15,,,joint_epigenetic_ecological,epigenetic+ecological,500.0,500.0,6,0.15
,,3,25,232,,,,0.1259295630837789,,0.0018317771048732,,0.1223393459305222,0.1295197802370355,0.0005863887391234,0.1253431743446554,0.0019960079840319,,,,,,,life_history,7,0.175,,,joint_epigenetic_ecological,epigenetic+ecological,500.0,500.0,7,0.175
,,3,25,232,,,,0.130667176079599,,0.00204405322318,,0.126660905379683,0.134673446779515,0.000583859645733,0.130083316433866,0.0019960079840319,,,,,,,life_history,8,0.2,,,joint_epigenetic_ecological,epigenetic+ecological,500.0,500.0,8,0.2
,,3,25,232,,,,0.1346891465504351,,0.0020050259060636,,0.1307593679864806,0.1386189251143896,0.0005884538320638,0.1341006927183713,0.0019960079840319,,,,,,,life_history,9,0.225,,,joint_epigenetic_ecological,epigenetic+ecological,500.0,500.0,9,0.225
,,3,25,232,,,,0.136772401602188,,0.0020947932645101,,0.1326666822486911,0.1408781209556849,0.0005903231111198,0.1361820784910682,0.0019960079840319,,,,,,,life_history,10,0.25,,,joint_epigenetic_ecological,epigenetic+ecological,500.0,500.0,10,0.25
,,3,25,232,,,,0.1379852076178772,,0.0021029081329443,,0.1338635834145098,0.1421068318212445,0.0005849185655008,0.1374002890523764,0.0019960079840319,,,,,,,life_history,11,0.275,,,joint_epigenetic_ecological,epigenetic+ecological,500.0,500.0,11,0.275
,,3,25,232,,,,0.1389624284508369,,0.0020068422948184,,0.135029089830341,0.1428957670713327,0.0005866189826436,0.1383758094681932,0.0019960079840319,,,,,,,life_history,12,0.3,,,joint_epigenetic_ecological,epigenetic+ecological,500.0,500.0,12,0.3
,,3,25,232,,,,0.1390282461003021,,0.0021357476232085,,0.1348422576787463,0.1432142345218578,0.0005812899396395,0.1384469561606625,0.0019960079840319,,,,,,,life_history,13,0.325,,,joint_epigenetic_ecological,epigenetic+ecological,500.0,500.0,13,0.325
,,3,25,232,,,,0.1386538192617464,,0.0018586464275467,,0.1350109392037607,0.1422966993197321,0.0005898814599259,0.1380639378018204,0.0019960079840319,,,,,,,life_history,14,0.35,,,joint_epigenetic_ecological,epigenetic+ecological,500.0,500.0,14,0.35
,,3,25,232,,,,0.1375936488562653,,0.0020285890444878,,0.1336176873896366,0.1415696103228939,0.0005916952137742,0.1370019536424911,0.0019960079840319,,,,,,,life_history,15,0.375,,,joint_epigenetic_ecological,epigenetic+ecological,500.0,500.0,15,0.375
,,3,25,232,,,,0.1367865262473643,,0.0019978784282273,,0.1328707564825491,0.1407022960121794,0.0005892203057726,0.1361973059415916,0.0019960079840319,,,,,,,life_history,16,0.4,,,joint_epigenetic_ecological,epigenetic+ecological,500.0,500.0,16,0.4
,,3,25,232,,,,0.1357662371896809,,0.0020351141079031,,0.1317774868337614,0.1397549875456004,0.0005867139268927,0.1351795232627881,0.0019960079840319,,,,,,,life_history,17,0.425,,,joint_epigenetic_ecological,epigenetic+ecological,500.0,500.0,17,0.425
,,3,25,232,,,,0.1351814426582847,,0.0019028800541105,,0.1314518662853284,0.138911019031241,0.0005959900224411,0.1345854526358436,0.0019960079840319,,,,,,,life_history,18,0.45,,,joint_epigenetic_ecological,epigenetic+ecological,500.0,500.0,18,0.45
,,3,25,232,,,,0.1345125087457011,,0.0020641604439951,,0.1304668286171585,0.1385581888742437,0.0005904154789641,0.1339220932667369,0.0019960079840319,,,,,,,life_history,19,0.475,,,joint_epigenetic_ecological,epigenetic+ecological,500.0,500.0,19,0.475
,,3,25,232,,,,0.1340757773870608,,0.0020188356827014,,0.1301189321582616,0.13803262261586,0.0005873687617687,0.133488408625292,0.0019960079840319,,,,,,,life_history,20,0.5,,,joint_epigenetic_ecological,epigenetic+ecological,500.0,500.0,20,0.5
,,3,25,232,,,,0.1336752424618664,,0.002001743291688,,0.1297518977038631,0.1375985872198697,0.0005828798282707,0.1330923626335957,0.0019960079840319,,,,,,,life_history,21,0.525,,,joint_epigenetic_ecological,epigenetic+ecological,500.0,500.0,21,0.525
,,3,25,232,,,,0.134380973947486,,0.0020591811192853,,0.1303450531160418,0.1384168947789302,0.0005895131795071,0.1337914607679788,0.0019960079840319,,,,,,,life_history,22,0.55,,,joint_epigenetic_ecological,epigenetic+ecological,500.0,500.0,22,0.55
,,3,25,232,,,,0.1360129181342607,,0.0020373139342727,,0.1320198561978844,0.1400059800706369,0.0005823889655899,0.1354305291686707,0.0019960079840319,,,,,,,life_history,23,0.5750000000000001,,,joint_epigenetic_ecological,epigenetic+ecological,500.0,500.0,23,0.5750000000000001
,,3,25,232,,,,0.1373733130557706,,0.0019192353220218,,0.1336116809467507,0.1411349451647905,0.0005873551334691,0.1367859579223015,0.0019960079840319,,,,,,,life_history,24,0.6000000000000001,,,joint_epigenetic_ecological,epigenetic+ecological,500.0,500.0,24,0.6000000000000001
,,3,25,232,,,,0.1395788026453462,,0.0020777933248422,,0.1355064025613377,0.1436512027293547,0.0005893862745113,0.1389894163708348,0.0019960079840319,,,,,,,life_history,25,0.625,,,joint_epigenetic_ecological,epigenetic+ecological,500.0,500.0,25,0.625
,,3,25,232,,,,0.1423280436576932,,0.0022366601342681,,0.137944270348871,0.1467118169665154,0.0005885234186639,0.1417395202390292,0.0019960079840319,,,,,,,life_history,26,0.65,,,joint_epigenetic_ecological,epigenetic+ecological,500.0,500.0,26,0.65
,,3,25,232,,,,0.1455399601216963,,0.0021517221950602,,0.1413226621146426,0.1497572581287499,0.00058157865557,0.1449583814661263,0.0019960079840319,,,,,,,life_history,27,0.675,,,joint_epigenetic_ecological,epigenetic+ecological,500.0,500.0,27,0.675
,,3,25,232,,,,0.1492714224418865,,0.0020820333656439,,0.1451907120306136,0.1533521328531593,0.0005961822842035,0.1486752401576829,0.0019960079840319,,,,,,,life_history,28,0.7000000000000001,,,joint_epigenetic_ecological,epigenetic+ecological,500.0,500.0,28,0.7000000000000001
,,3,25,232,,,,0.1529466968166556,,0.0022819877537961,,0.1484740830060537,0.1574193106272575,0.0005930723090567,0.1523536245075988,0.0019960079840319,,,,,,,life_history,29,0.7250000000000001,,,joint_epigenetic_ecological,epigenetic+ecological,500.0,500.0,29,0.7250000000000001
,,3,25,232,,,,0.1573693572783542,,0.0021929152822727,,0.1530713223039522,0.1616673922527563,0.00059771651505,0.1567716407633042,0.0019960079840319,,,,,,,life_history,30,0.75,,,joint_epigenetic_ecological,epigenetic+ecological,500.0,500.0,30,0.75
,,3,25,232,,,,0.1621163773007333,,0.0021699023213511,,0.1578634469009152,0.1663693077005514,0.0005932293138598,0.1615231479868735,0.0019960079840319,,,,,,,life_history,31,0.775,,,joint_epigenetic_ecological,epigenetic+ecological,500.0,500.0,31,0.775
,,3,25,232,,,,0.1660210217679934,,0.0022836501451344,,0.1615451497302403,0.1704968938057465,0.0005887713104642,0.1654322504575291,0.0019960079840319,,,,,,,life_history,32,0.8,,,joint_epigenetic_ecological,epigenetic+ecological,500.0,500.0,32,0.8
,,3,25,232,,,,0.1706365990405729,,0.0023320381521006,,0.1660658882518823,0.1752073098292635,0.000588313025634,0.1700482860149389,0.0019960079840319,,,,,,,life_history,33,0.8250000000000001,,,joint_epigenetic_ecological,epigenetic+ecological,500.0,500.0,33,0.8250000000000001
,,3,25,232,,,,0.1752375115419647,,0.0024307602726852,,0.1704733089524508,0.1800017141314786,0.0005893707112807,0.1746481408306839,0.0019960079840319,,,,,,,life_history,34,0.8500000000000001,,,joint_epigenetic_ecological,epigenetic+ecological,500.0,500.0,34,0.8500000000000001
,,3,25,232,,,,0.1785100841038898,,0.0024243151758281,,0.1737585136720928,0.1832616545356869,0.0005903090455794,0.1779197750583104,0.0019960079840319,,,,,,,life_history,35,0.875,,,joint_epigenetic_ecological,epigenetic+ecological,500.0,500.0,35,0.875
,,3,25,232,,,,0.1807307230113685,,0.0025160940681277,,0.1757992692561232,0.1856621767666138,0.0005965871102866,0.1801341359010819,0.0019960079840319,,,,,,,life_history,36,0.9,,,joint_epigenetic_ecological,epigenetic+ecological,500.0,500.0,36,0.9
,,3,25,232,,,,0.1831666109207864,,0.0023252607899171,,0.1786091835178855,0.1877240383236872,0.0005957495362153,0.182570861384571,0.0019960079840319,,,,,,,life_history,37,0.925,,,joint_epigenetic_ecological,epigenetic+ecological,500.0,500.0,37,0.925
,,3,25,232,,,,0.1839396779370916,,0.0024678078243753,,0.1791028634805497,0.1887764923936334,0.0005889190413121,0.1833507588957794,0.0019960079840319,,,,,,,life_history,38,0.95,,,joint_epigenetic_ecological,epigenetic+ecological,500.0,500.0,38,0.95
,,3,25,232,,,,0.1838803882588893,,0.0024355239315138,,0.1791068490696368,0.1886539274481418,0.0005873161007905,0.1832930721580988,0.0019960079840319,,,,,,,life_history,39,0.975,,,joint_epigenetic_ecological,epigenetic+ecological,500.0,500.0,39,0.975
,,3,25,232,,,,0.1826759652646878,,0.0022645606603268,,0.178237507929641,0.1871144225997346,0.0005842281208024,0.1820917371438854,0.0019960079840319,,,,,,,life_history,40,1.0,,,joint_epigenetic_ecological,epigenetic+ecological,500.0,500.0,40,1.0
